date,state,sessions,users,purchases,revenue
2020-11-01,Alabama,6,6,0,0.0
2020-11-02,Alabama,21,19,0,0.0
2020-11-03,Alabama,17,14,0,0.0
2020-11-04,Alabama,19,16,0,0.0
2020-11-05,Alabama,12,11,0,0.0
2020-11-06,Alabama,12,12,1,12.0
2020-11-07,Alabama,6,6,0,0.0
2020-11-08,Alabama,7,5,0,0.0
2020-11-09,Alabama,11,11,0,0.0
2020-11-10,Alabama,10,9,0,0.0
2020-11-11,Alabama,10,9,0,0.0
2020-11-12,Alabama,20,17,0,0.0
2020-11-13,Alabama,22,16,0,0.0
2020-11-14,Alabama,9,8,0,0.0
2020-11-15,Alabama,6,6,0,0.0
2020-11-16,Alabama,9,8,1,48.0
2020-11-17,Alabama,17,14,0,0.0
2020-11-18,Alabama,18,14,1,0.0
2020-11-19,Alabama,15,10,0,0.0
2020-11-20,Alabama,17,15,0,0.0
2020-11-21,Alabama,10,10,0,0.0
2020-11-22,Alabama,9,8,0,0.0
2020-11-23,Alabama,7,6,0,0.0
2020-11-24,Alabama,7,7,0,0.0
2020-11-25,Alabama,19,18,0,0.0
2020-11-26,Alabama,17,16,0,0.0
2020-11-27,Alabama,19,17,0,0.0
2020-11-28,Alabama,16,14,0,0.0
2020-11-29,Alabama,19,14,0,0.0
2020-11-30,Alabama,23,20,4,744.0
2020-12-01,Alabama,23,20,1,120.0
2020-12-02,Alabama,16,15,1,75.0
2020-12-03,Alabama,15,15,0,0.0
2020-12-04,Alabama,20,15,1,14.0
2020-12-05,Alabama,24,18,0,0.0
2020-12-06,Alabama,26,16,0,0.0
2020-12-07,Alabama,28,23,0,0.0
2020-12-08,Alabama,28,26,0,0.0
2020-12-09,Alabama,36,31,0,0.0
2020-12-10,Alabama,24,21,1,79.0
2020-12-11,Alabama,22,19,2,194.0
2020-12-12,Alabama,16,16,1,0.0
2020-12-13,Alabama,21,19,0,0.0
2020-12-14,Alabama,24,22,0,0.0
2020-12-15,Alabama,11,11,0,0.0
2020-12-16,Alabama,17,16,0,0.0
2020-12-17,Alabama,31,27,0,0.0
2020-12-18,Alabama,16,13,1,91.0
2020-12-19,Alabama,15,13,0,0.0
2020-12-20,Alabama,9,9,0,0.0
2020-12-21,Alabama,14,12,0,0.0
2020-12-22,Alabama,21,20,0,0.0
2020-12-23,Alabama,7,7,0,0.0
2020-12-24,Alabama,9,8,1,8.0
2020-12-25,Alabama,9,9,0,0.0
2020-12-26,Alabama,15,15,0,0.0
2020-12-27,Alabama,10,9,0,0.0
2020-12-28,Alabama,27,26,0,0.0
2020-12-29,Alabama,14,13,0,0.0
2020-12-30,Alabama,11,11,0,0.0
2020-12-31,Alabama,11,10,0,0.0
2021-01-01,Alabama,13,11,0,0.0
2021-01-02,Alabama,12,12,0,0.0
2021-01-03,Alabama,9,9,0,0.0
2021-01-04,Alabama,21,19,0,0.0
2021-01-05,Alabama,18,16,0,0.0
2021-01-06,Alabama,30,26,0,0.0
2021-01-07,Alabama,27,24,0,0.0
2021-01-08,Alabama,23,20,0,0.0
2021-01-09,Alabama,3,3,0,0.0
2021-01-10,Alabama,10,10,0,0.0
2021-01-11,Alabama,13,13,0,0.0
2021-01-12,Alabama,18,17,0,0.0
2021-01-13,Alabama,16,16,0,0.0
2021-01-14,Alabama,24,24,1,55.0
2021-01-15,Alabama,11,11,0,0.0
2021-01-16,Alabama,10,10,0,0.0
2021-01-17,Alabama,17,15,0,0.0
2021-01-18,Alabama,16,15,0,0.0
2021-01-19,Alabama,17,15,0,0.0
2021-01-20,Alabama,15,14,0,0.0
2021-01-21,Alabama,14,12,0,0.0
2021-01-22,Alabama,15,10,0,0.0
2021-01-23,Alabama,10,10,0,0.0
2021-01-24,Alabama,12,11,0,0.0
2021-01-25,Alabama,12,12,1,44.0
2021-01-26,Alabama,23,15,1,0.0
2021-01-27,Alabama,24,20,0,0.0
2021-01-28,Alabama,15,14,0,0.0
2021-01-29,Alabama,10,9,0,0.0
2021-01-30,Alabama,18,18,0,0.0
2021-01-31,Alabama,17,12,0,0.0
2020-11-02,Alaska,1,1,0,0.0
2020-11-03,Alaska,1,1,0,0.0
2020-11-04,Alaska,2,1,0,0.0
2020-11-09,Alaska,1,1,0,0.0
2020-11-13,Alaska,1,1,0,0.0
2020-11-14,Alaska,1,1,0,0.0
2020-11-16,Alaska,3,3,0,0.0
2020-11-17,Alaska,1,1,0,0.0
2020-11-19,Alaska,1,1,0,0.0
2020-11-20,Alaska,2,1,0,0.0
2020-11-21,Alaska,1,1,0,0.0
2020-11-22,Alaska,4,2,0,0.0
2020-11-23,Alaska,2,1,0,0.0
2020-11-25,Alaska,4,4,0,0.0
2020-11-27,Alaska,1,1,0,0.0
2020-11-28,Alaska,1,1,0,0.0
2020-11-29,Alaska,1,1,0,0.0
2020-11-30,Alaska,1,1,0,0.0
2020-12-01,Alaska,1,1,0,0.0
2020-12-02,Alaska,3,3,0,0.0
2020-12-03,Alaska,3,3,0,0.0
2020-12-04,Alaska,2,2,0,0.0
2020-12-05,Alaska,1,1,0,0.0
2020-12-06,Alaska,1,1,0,0.0
2020-12-07,Alaska,2,2,0,0.0
2020-12-08,Alaska,3,3,0,0.0
2020-12-09,Alaska,1,1,0,0.0
2020-12-10,Alaska,6,5,0,0.0
2020-12-11,Alaska,2,1,0,0.0
2020-12-12,Alaska,3,2,0,0.0
2020-12-14,Alaska,3,3,0,0.0
2020-12-15,Alaska,3,1,0,0.0
2020-12-16,Alaska,4,4,0,0.0
2020-12-17,Alaska,4,3,0,0.0
2020-12-18,Alaska,1,1,0,0.0
2020-12-19,Alaska,2,2,0,0.0
2020-12-20,Alaska,4,2,0,0.0
2020-12-21,Alaska,2,2,0,0.0
2020-12-22,Alaska,1,1,0,0.0
2020-12-23,Alaska,1,1,0,0.0
2020-12-25,Alaska,1,1,0,0.0
2020-12-26,Alaska,4,2,0,0.0
2020-12-27,Alaska,1,1,0,0.0
2020-12-28,Alaska,3,3,0,0.0
2020-12-29,Alaska,1,1,0,0.0
2020-12-30,Alaska,1,1,0,0.0
2020-12-31,Alaska,1,1,0,0.0
2021-01-03,Alaska,2,1,0,0.0
2021-01-04,Alaska,1,1,0,0.0
2021-01-05,Alaska,1,1,0,0.0
2021-01-06,Alaska,3,3,0,0.0
2021-01-07,Alaska,3,3,0,0.0
2021-01-08,Alaska,3,3,0,0.0
2021-01-09,Alaska,2,2,0,0.0
2021-01-11,Alaska,1,1,0,0.0
2021-01-12,Alaska,1,1,0,0.0
2021-01-13,Alaska,4,3,1,100.0
2021-01-14,Alaska,1,1,0,0.0
2021-01-16,Alaska,1,1,0,0.0
2021-01-17,Alaska,1,1,0,0.0
2021-01-19,Alaska,1,1,0,0.0
2021-01-20,Alaska,1,1,0,0.0
2021-01-21,Alaska,3,3,0,0.0
2021-01-22,Alaska,1,1,0,0.0
2021-01-23,Alaska,1,1,0,0.0
2021-01-25,Alaska,2,2,0,0.0
2021-01-26,Alaska,2,2,0,0.0
2021-01-27,Alaska,1,1,0,0.0
2021-01-28,Alaska,1,1,0,0.0
2021-01-29,Alaska,2,2,0,0.0
2021-01-30,Alaska,1,1,0,0.0
2021-01-31,Alaska,1,1,0,0.0
2020-11-01,Arizona,29,22,0,0.0
2020-11-02,Arizona,24,21,1,55.0
2020-11-03,Arizona,34,28,1,27.0
2020-11-04,Arizona,38,32,0,0.0
2020-11-05,Arizona,28,22,0,0.0
2020-11-06,Arizona,24,22,1,55.0
2020-11-07,Arizona,19,17,0,0.0
2020-11-08,Arizona,12,11,0,0.0
2020-11-09,Arizona,21,18,0,0.0
2020-11-10,Arizona,19,16,0,0.0
2020-11-11,Arizona,20,16,1,22.0
2020-11-12,Arizona,11,11,0,0.0
2020-11-13,Arizona,21,14,0,0.0
2020-11-14,Arizona,14,13,0,0.0
2020-11-15,Arizona,8,7,0,0.0
2020-11-16,Arizona,25,21,1,22.0
2020-11-17,Arizona,33,27,0,0.0
2020-11-18,Arizona,25,22,1,104.0
2020-11-19,Arizona,28,23,0,0.0
2020-11-20,Arizona,24,20,4,244.0
2020-11-21,Arizona,29,21,2,92.0
2020-11-22,Arizona,6,6,0,0.0
2020-11-23,Arizona,21,19,0,0.0
2020-11-24,Arizona,27,22,0,0.0
2020-11-25,Arizona,25,22,1,141.0
2020-11-26,Arizona,23,22,0,0.0
2020-11-27,Arizona,21,20,0,0.0
2020-11-28,Arizona,24,22,0,0.0
2020-11-29,Arizona,21,18,0,0.0
2020-11-30,Arizona,24,22,5,320.0
2020-12-01,Arizona,29,27,1,33.0
2020-12-02,Arizona,32,29,2,374.0
2020-12-03,Arizona,29,25,0,0.0
2020-12-04,Arizona,29,24,0,0.0
2020-12-05,Arizona,30,22,1,38.0
2020-12-06,Arizona,14,13,1,7.0
2020-12-07,Arizona,34,29,3,245.0
2020-12-08,Arizona,45,42,0,0.0
2020-12-09,Arizona,33,27,3,160.0
2020-12-10,Arizona,41,39,0,0.0
2020-12-11,Arizona,36,32,1,44.0
2020-12-12,Arizona,29,26,1,46.0
2020-12-13,Arizona,21,19,1,156.0
2020-12-14,Arizona,27,26,0,0.0
2020-12-15,Arizona,30,29,1,44.0
2020-12-16,Arizona,41,37,7,1220.0
2020-12-17,Arizona,37,32,2,84.0
2020-12-18,Arizona,39,35,1,48.0
2020-12-19,Arizona,15,14,0,0.0
2020-12-20,Arizona,19,15,0,0.0
2020-12-21,Arizona,22,18,2,148.0
2020-12-22,Arizona,26,25,0,0.0
2020-12-23,Arizona,16,15,0,0.0
2020-12-24,Arizona,15,14,0,0.0
2020-12-25,Arizona,23,20,0,0.0
2020-12-26,Arizona,14,13,1,21.0
2020-12-27,Arizona,15,15,1,10.0
2020-12-28,Arizona,13,10,0,0.0
2020-12-29,Arizona,15,13,0,0.0
2020-12-30,Arizona,22,22,1,36.0
2020-12-31,Arizona,21,19,0,0.0
2021-01-01,Arizona,16,14,0,0.0
2021-01-02,Arizona,14,13,0,0.0
2021-01-03,Arizona,17,16,0,0.0
2021-01-04,Arizona,18,16,0,0.0
2021-01-05,Arizona,32,26,0,0.0
2021-01-06,Arizona,28,26,0,0.0
2021-01-07,Arizona,30,26,0,0.0
2021-01-08,Arizona,22,20,0,0.0
2021-01-09,Arizona,16,14,0,0.0
2021-01-10,Arizona,19,17,0,0.0
2021-01-11,Arizona,23,23,0,0.0
2021-01-12,Arizona,29,26,0,0.0
2021-01-13,Arizona,30,25,0,0.0
2021-01-14,Arizona,28,26,0,0.0
2021-01-15,Arizona,27,26,0,0.0
2021-01-16,Arizona,23,20,0,0.0
2021-01-17,Arizona,23,21,0,0.0
2021-01-18,Arizona,28,23,0,0.0
2021-01-19,Arizona,35,31,0,0.0
2021-01-20,Arizona,24,21,0,0.0
2021-01-21,Arizona,20,18,1,112.0
2021-01-22,Arizona,27,27,0,0.0
2021-01-23,Arizona,20,17,0,0.0
2021-01-24,Arizona,10,9,0,0.0
2021-01-25,Arizona,17,14,1,5.0
2021-01-26,Arizona,24,23,0,0.0
2021-01-27,Arizona,38,32,0,0.0
2021-01-28,Arizona,19,18,0,0.0
2021-01-29,Arizona,23,17,0,0.0
2021-01-30,Arizona,20,18,0,0.0
2021-01-31,Arizona,19,17,0,0.0
2020-11-01,Arkansas,4,3,0,0.0
2020-11-02,Arkansas,3,3,0,0.0
2020-11-03,Arkansas,11,9,1,279.0
2020-11-04,Arkansas,7,7,0,0.0
2020-11-05,Arkansas,11,10,0,0.0
2020-11-06,Arkansas,3,2,0,0.0
2020-11-07,Arkansas,3,3,0,0.0
2020-11-08,Arkansas,6,6,0,0.0
2020-11-09,Arkansas,10,6,0,0.0
2020-11-10,Arkansas,5,4,0,0.0
2020-11-11,Arkansas,9,7,1,10.0
2020-11-12,Arkansas,9,6,0,0.0
2020-11-13,Arkansas,8,5,0,0.0
2020-11-14,Arkansas,6,6,0,0.0
2020-11-15,Arkansas,4,3,0,0.0
2020-11-16,Arkansas,2,2,0,0.0
2020-11-17,Arkansas,5,5,0,0.0
2020-11-18,Arkansas,18,11,2,70.0
2020-11-19,Arkansas,9,8,0,0.0
2020-11-20,Arkansas,11,8,0,0.0
2020-11-21,Arkansas,9,7,2,100.0
2020-11-22,Arkansas,2,2,0,0.0
2020-11-23,Arkansas,17,12,0,0.0
2020-11-24,Arkansas,10,10,0,0.0
2020-11-25,Arkansas,7,7,0,0.0
2020-11-26,Arkansas,16,8,0,0.0
2020-11-27,Arkansas,6,6,0,0.0
2020-11-28,Arkansas,3,3,0,0.0
2020-11-29,Arkansas,6,5,0,0.0
2020-11-30,Arkansas,6,6,0,0.0
2020-12-01,Arkansas,6,6,0,0.0
2020-12-02,Arkansas,8,8,0,0.0
2020-12-03,Arkansas,9,7,0,0.0
2020-12-04,Arkansas,15,10,0,0.0
2020-12-05,Arkansas,7,7,0,0.0
2020-12-06,Arkansas,5,5,0,0.0
2020-12-07,Arkansas,11,10,0,0.0
2020-12-08,Arkansas,20,16,1,25.0
2020-12-09,Arkansas,24,21,0,0.0
2020-12-10,Arkansas,9,9,0,0.0
2020-12-11,Arkansas,12,11,0,0.0
2020-12-12,Arkansas,7,6,0,0.0
2020-12-13,Arkansas,9,8,1,17.0
2020-12-14,Arkansas,7,7,0,0.0
2020-12-15,Arkansas,13,13,0,0.0
2020-12-16,Arkansas,12,11,0,0.0
2020-12-17,Arkansas,12,10,0,0.0
2020-12-18,Arkansas,11,8,0,0.0
2020-12-19,Arkansas,7,7,0,0.0
2020-12-20,Arkansas,6,6,0,0.0
2020-12-21,Arkansas,10,9,0,0.0
2020-12-22,Arkansas,9,9,1,62.0
2020-12-23,Arkansas,10,9,0,0.0
2020-12-24,Arkansas,5,5,0,0.0
2020-12-25,Arkansas,3,3,0,0.0
2020-12-26,Arkansas,4,3,0,0.0
2020-12-27,Arkansas,10,10,0,0.0
2020-12-28,Arkansas,4,4,0,0.0
2020-12-29,Arkansas,7,6,0,0.0
2020-12-30,Arkansas,8,7,0,0.0
2020-12-31,Arkansas,8,7,0,0.0
2021-01-01,Arkansas,3,3,0,0.0
2021-01-02,Arkansas,11,10,0,0.0
2021-01-03,Arkansas,6,5,0,0.0
2021-01-04,Arkansas,8,8,0,0.0
2021-01-05,Arkansas,5,5,0,0.0
2021-01-06,Arkansas,12,11,0,0.0
2021-01-07,Arkansas,8,8,0,0.0
2021-01-08,Arkansas,3,3,0,0.0
2021-01-09,Arkansas,11,9,0,0.0
2021-01-10,Arkansas,6,5,0,0.0
2021-01-11,Arkansas,5,5,0,0.0
2021-01-12,Arkansas,6,5,0,0.0
2021-01-13,Arkansas,9,8,0,0.0
2021-01-14,Arkansas,7,7,0,0.0
2021-01-15,Arkansas,8,8,0,0.0
2021-01-16,Arkansas,10,8,0,0.0
2021-01-17,Arkansas,5,5,0,0.0
2021-01-18,Arkansas,13,13,0,0.0
2021-01-19,Arkansas,6,5,0,0.0
2021-01-20,Arkansas,13,11,1,32.0
2021-01-21,Arkansas,9,9,0,0.0
2021-01-22,Arkansas,8,8,0,0.0
2021-01-23,Arkansas,9,9,0,0.0
2021-01-24,Arkansas,8,6,0,0.0
2021-01-25,Arkansas,7,6,1,85.0
2021-01-26,Arkansas,6,5,0,0.0
2021-01-27,Arkansas,4,4,0,0.0
2021-01-28,Arkansas,9,9,0,0.0
2021-01-29,Arkansas,12,9,0,0.0
2021-01-30,Arkansas,2,2,0,0.0
2021-01-31,Arkansas,5,4,0,0.0
2020-11-01,California,260,237,1,120.0
2020-11-02,California,331,291,9,894.0
2020-11-03,California,511,434,3,148.0
2020-11-04,California,392,344,2,189.0
2020-11-05,California,338,284,2,115.0
2020-11-06,California,265,234,3,207.0
2020-11-07,California,222,195,2,109.0
2020-11-08,California,173,154,5,1047.0
2020-11-09,California,289,246,6,265.0
2020-11-10,California,364,297,6,538.0
2020-11-11,California,367,312,4,163.0
2020-11-12,California,371,322,5,352.0
2020-11-13,California,284,241,9,575.0
2020-11-14,California,221,186,3,154.0
2020-11-15,California,218,184,3,191.0
2020-11-16,California,343,288,9,535.0
2020-11-17,California,364,311,7,425.0
2020-11-18,California,390,329,11,1026.0
2020-11-19,California,351,306,12,799.0
2020-11-20,California,384,322,8,1376.0
2020-11-21,California,311,269,8,476.0
2020-11-22,California,227,206,6,294.0
2020-11-23,California,381,326,9,572.0
2020-11-24,California,403,342,11,1354.0
2020-11-25,California,466,385,5,240.0
2020-11-26,California,382,329,7,224.0
2020-11-27,California,380,333,11,1002.0
2020-11-28,California,352,312,4,342.0
2020-11-29,California,319,272,7,790.0
2020-11-30,California,445,385,18,1205.0
2020-12-01,California,467,397,14,637.0
2020-12-02,California,395,343,3,219.0
2020-12-03,California,494,432,6,258.0
2020-12-04,California,434,381,11,1098.0
2020-12-05,California,313,269,6,775.0
2020-12-06,California,314,274,4,242.0
2020-12-07,California,540,458,11,1564.0
2020-12-08,California,725,644,15,925.0
2020-12-09,California,557,490,9,1237.0
2020-12-10,California,582,511,13,361.0
2020-12-11,California,508,448,21,1185.0
2020-12-12,California,408,366,14,722.0
2020-12-13,California,315,288,12,1089.0
2020-12-14,California,444,388,15,603.0
2020-12-15,California,510,455,11,709.0
2020-12-16,California,556,476,8,611.0
2020-12-17,California,515,449,6,179.0
2020-12-18,California,420,373,12,496.0
2020-12-19,California,290,277,0,0.0
2020-12-20,California,317,279,2,89.0
2020-12-21,California,377,339,4,172.0
2020-12-22,California,368,325,4,184.0
2020-12-23,California,288,266,6,319.0
2020-12-24,California,283,256,3,201.0
2020-12-25,California,250,241,4,128.0
2020-12-26,California,230,212,1,0.0
2020-12-27,California,251,230,1,106.0
2020-12-28,California,323,295,5,268.0
2020-12-29,California,323,302,1,19.0
2020-12-30,California,324,298,3,51.0
2020-12-31,California,236,222,3,324.0
2021-01-01,California,225,214,0,0.0
2021-01-02,California,239,223,0,0.0
2021-01-03,California,247,224,0,0.0
2021-01-04,California,292,269,1,14.0
2021-01-05,California,393,346,2,27.0
2021-01-06,California,529,485,3,181.0
2021-01-07,California,453,414,3,82.0
2021-01-08,California,384,339,3,96.0
2021-01-09,California,319,290,5,185.0
2021-01-10,California,301,277,0,0.0
2021-01-11,California,359,332,4,198.0
2021-01-12,California,430,378,5,411.0
2021-01-13,California,404,372,2,217.0
2021-01-14,California,412,360,3,991.0
2021-01-15,California,379,348,5,208.0
2021-01-16,California,296,273,1,12.0
2021-01-17,California,278,254,0,0.0
2021-01-18,California,317,285,1,38.0
2021-01-19,California,377,331,2,94.0
2021-01-20,California,452,404,9,556.0
2021-01-21,California,468,421,3,129.0
2021-01-22,California,389,336,11,416.0
2021-01-23,California,283,252,8,387.0
2021-01-24,California,305,271,3,118.0
2021-01-25,California,327,287,6,427.0
2021-01-26,California,367,332,2,0.0
2021-01-27,California,444,391,5,19.0
2021-01-28,California,387,343,8,14.0
2021-01-29,California,352,307,7,0.0
2021-01-30,California,238,214,1,0.0
2021-01-31,California,241,220,0,0.0
2020-11-01,Colorado,22,21,0,0.0
2020-11-02,Colorado,24,23,2,130.0
2020-11-03,Colorado,42,37,0,0.0
2020-11-04,Colorado,19,19,0,0.0
2020-11-05,Colorado,32,28,0,0.0
2020-11-06,Colorado,24,22,0,0.0
2020-11-07,Colorado,22,19,0,0.0
2020-11-08,Colorado,20,16,0,0.0
2020-11-09,Colorado,41,32,0,0.0
2020-11-10,Colorado,31,25,1,38.0
2020-11-11,Colorado,19,17,0,0.0
2020-11-12,Colorado,21,21,0,0.0
2020-11-13,Colorado,23,20,0,0.0
2020-11-14,Colorado,7,7,0,0.0
2020-11-15,Colorado,12,12,0,0.0
2020-11-16,Colorado,30,26,0,0.0
2020-11-17,Colorado,42,37,1,209.0
2020-11-18,Colorado,22,19,0,0.0
2020-11-19,Colorado,31,26,0,0.0
2020-11-20,Colorado,30,27,0,0.0
2020-11-21,Colorado,28,24,0,0.0
2020-11-22,Colorado,22,19,0,0.0
2020-11-23,Colorado,33,27,2,196.0
2020-11-24,Colorado,23,21,1,71.0
2020-11-25,Colorado,26,25,0,0.0
2020-11-26,Colorado,26,22,0,0.0
2020-11-27,Colorado,29,25,1,199.0
2020-11-28,Colorado,35,31,4,286.0
2020-11-29,Colorado,21,20,0,0.0
2020-11-30,Colorado,36,30,2,139.0
2020-12-01,Colorado,34,30,0,0.0
2020-12-02,Colorado,29,27,0,0.0
2020-12-03,Colorado,28,26,0,0.0
2020-12-04,Colorado,38,37,0,0.0
2020-12-05,Colorado,25,23,0,0.0
2020-12-06,Colorado,24,22,0,0.0
2020-12-07,Colorado,38,36,0,0.0
2020-12-08,Colorado,64,60,0,0.0
2020-12-09,Colorado,58,52,1,87.0
2020-12-10,Colorado,43,37,1,345.0
2020-12-11,Colorado,56,49,5,284.0
2020-12-12,Colorado,33,29,1,75.0
2020-12-13,Colorado,30,27,0,0.0
2020-12-14,Colorado,50,43,2,60.0
2020-12-15,Colorado,35,32,1,108.0
2020-12-16,Colorado,43,39,0,0.0
2020-12-17,Colorado,29,26,2,81.0
2020-12-18,Colorado,36,32,0,0.0
2020-12-19,Colorado,18,18,0,0.0
2020-12-20,Colorado,32,31,0,0.0
2020-12-21,Colorado,27,25,0,0.0
2020-12-22,Colorado,37,31,0,0.0
2020-12-23,Colorado,22,19,0,0.0
2020-12-24,Colorado,19,18,0,0.0
2020-12-25,Colorado,13,12,0,0.0
2020-12-26,Colorado,20,19,0,0.0
2020-12-27,Colorado,17,17,0,0.0
2020-12-28,Colorado,34,32,1,166.0
2020-12-29,Colorado,28,23,1,14.0
2020-12-30,Colorado,19,17,0,0.0
2020-12-31,Colorado,15,13,0,0.0
2021-01-01,Colorado,13,13,0,0.0
2021-01-02,Colorado,19,19,2,175.0
2021-01-03,Colorado,19,18,0,0.0
2021-01-04,Colorado,19,18,1,70.0
2021-01-05,Colorado,38,38,1,6.0
2021-01-06,Colorado,48,43,0,0.0
2021-01-07,Colorado,31,30,0,0.0
2021-01-08,Colorado,37,33,1,35.0
2021-01-09,Colorado,24,21,0,0.0
2021-01-10,Colorado,22,19,0,0.0
2021-01-11,Colorado,30,26,1,32.0
2021-01-12,Colorado,39,35,0,0.0
2021-01-13,Colorado,43,40,0,0.0
2021-01-14,Colorado,31,25,0,0.0
2021-01-15,Colorado,27,24,0,0.0
2021-01-16,Colorado,29,26,0,0.0
2021-01-17,Colorado,16,15,1,0.0
2021-01-18,Colorado,21,20,0,0.0
2021-01-19,Colorado,36,32,0,0.0
2021-01-20,Colorado,27,25,1,266.0
2021-01-21,Colorado,29,25,2,138.0
2021-01-22,Colorado,30,27,1,0.0
2021-01-23,Colorado,27,25,0,0.0
2021-01-24,Colorado,26,24,0,0.0
2021-01-25,Colorado,31,29,0,0.0
2021-01-26,Colorado,23,23,0,0.0
2021-01-27,Colorado,34,31,0,0.0
2021-01-28,Colorado,25,22,0,0.0
2021-01-29,Colorado,35,30,0,0.0
2021-01-30,Colorado,32,28,0,0.0
2021-01-31,Colorado,26,23,0,0.0
2020-11-01,Connecticut,13,9,0,0.0
2020-11-02,Connecticut,17,14,1,162.0
2020-11-03,Connecticut,27,25,0,0.0
2020-11-04,Connecticut,16,15,0,0.0
2020-11-05,Connecticut,12,9,0,0.0
2020-11-06,Connecticut,10,8,0,0.0
2020-11-07,Connecticut,13,10,0,0.0
2020-11-08,Connecticut,10,9,0,0.0
2020-11-09,Connecticut,19,18,0,0.0
2020-11-10,Connecticut,20,17,0,0.0
2020-11-11,Connecticut,9,7,0,0.0
2020-11-12,Connecticut,16,14,0,0.0
2020-11-13,Connecticut,14,12,0,0.0
2020-11-14,Connecticut,5,4,0,0.0
2020-11-15,Connecticut,5,5,0,0.0
2020-11-16,Connecticut,13,13,1,37.0
2020-11-17,Connecticut,13,10,0,0.0
2020-11-18,Connecticut,17,17,0,0.0
2020-11-19,Connecticut,20,15,0,0.0
2020-11-20,Connecticut,23,17,0,0.0
2020-11-21,Connecticut,6,6,2,128.0
2020-11-22,Connecticut,15,13,0,0.0
2020-11-23,Connecticut,13,9,0,0.0
2020-11-24,Connecticut,20,18,0,0.0
2020-11-25,Connecticut,14,12,0,0.0
2020-11-26,Connecticut,18,17,0,0.0
2020-11-27,Connecticut,17,16,0,0.0
2020-11-28,Connecticut,11,10,1,90.0
2020-11-29,Connecticut,21,20,0,0.0
2020-11-30,Connecticut,21,19,1,11.0
2020-12-01,Connecticut,25,19,2,90.0
2020-12-02,Connecticut,26,24,2,52.0
2020-12-03,Connecticut,25,21,0,0.0
2020-12-04,Connecticut,25,20,0,0.0
2020-12-05,Connecticut,15,11,1,53.0
2020-12-06,Connecticut,17,17,0,0.0
2020-12-07,Connecticut,19,16,0,0.0
2020-12-08,Connecticut,22,19,1,16.0
2020-12-09,Connecticut,21,18,0,0.0
2020-12-10,Connecticut,31,28,1,143.0
2020-12-11,Connecticut,22,20,1,37.0
2020-12-12,Connecticut,19,18,3,60.0
2020-12-13,Connecticut,11,11,1,67.0
2020-12-14,Connecticut,20,19,0,0.0
2020-12-15,Connecticut,28,24,0,0.0
2020-12-16,Connecticut,15,15,0,0.0
2020-12-17,Connecticut,26,20,1,54.0
2020-12-18,Connecticut,24,18,1,70.0
2020-12-19,Connecticut,13,12,0,0.0
2020-12-20,Connecticut,15,13,0,0.0
2020-12-21,Connecticut,22,21,0,0.0
2020-12-22,Connecticut,13,13,0,0.0
2020-12-23,Connecticut,8,8,0,0.0
2020-12-24,Connecticut,9,8,0,0.0
2020-12-25,Connecticut,12,10,0,0.0
2020-12-26,Connecticut,11,10,0,0.0
2020-12-27,Connecticut,11,10,1,16.0
2020-12-28,Connecticut,22,21,0,0.0
2020-12-29,Connecticut,15,14,0,0.0
2020-12-30,Connecticut,15,14,0,0.0
2020-12-31,Connecticut,9,9,0,0.0
2021-01-01,Connecticut,6,6,0,0.0
2021-01-02,Connecticut,17,16,0,0.0
2021-01-03,Connecticut,11,11,0,0.0
2021-01-04,Connecticut,18,17,0,0.0
2021-01-05,Connecticut,22,20,0,0.0
2021-01-06,Connecticut,20,20,0,0.0
2021-01-07,Connecticut,18,16,1,66.0
2021-01-08,Connecticut,11,11,0,0.0
2021-01-09,Connecticut,12,12,0,0.0
2021-01-10,Connecticut,10,10,2,87.0
2021-01-11,Connecticut,22,20,1,48.0
2021-01-12,Connecticut,20,14,0,0.0
2021-01-13,Connecticut,15,12,0,0.0
2021-01-14,Connecticut,18,16,0,0.0
2021-01-15,Connecticut,19,17,0,0.0
2021-01-16,Connecticut,11,10,0,0.0
2021-01-17,Connecticut,16,15,0,0.0
2021-01-18,Connecticut,17,13,2,206.0
2021-01-19,Connecticut,17,15,2,127.0
2021-01-20,Connecticut,11,9,0,0.0
2021-01-21,Connecticut,15,13,0,0.0
2021-01-22,Connecticut,15,14,0,0.0
2021-01-23,Connecticut,11,10,0,0.0
2021-01-24,Connecticut,14,12,0,0.0
2021-01-25,Connecticut,25,21,0,0.0
2021-01-26,Connecticut,17,16,0,0.0
2021-01-27,Connecticut,21,17,1,0.0
2021-01-28,Connecticut,13,13,0,0.0
2021-01-29,Connecticut,16,14,0,0.0
2021-01-30,Connecticut,9,7,0,0.0
2021-01-31,Connecticut,10,9,0,0.0
2020-11-01,Delaware,3,3,0,0.0
2020-11-02,Delaware,1,1,0,0.0
2020-11-03,Delaware,1,1,0,0.0
2020-11-04,Delaware,1,1,0,0.0
2020-11-05,Delaware,3,3,0,0.0
2020-11-06,Delaware,2,2,0,0.0
2020-11-07,Delaware,4,3,0,0.0
2020-11-08,Delaware,2,2,0,0.0
2020-11-09,Delaware,1,1,0,0.0
2020-11-10,Delaware,1,1,0,0.0
2020-11-11,Delaware,2,1,0,0.0
2020-11-12,Delaware,2,2,0,0.0
2020-11-14,Delaware,2,2,0,0.0
2020-11-15,Delaware,2,1,0,0.0
2020-11-16,Delaware,2,2,0,0.0
2020-11-17,Delaware,2,1,0,0.0
2020-11-18,Delaware,6,5,0,0.0
2020-11-19,Delaware,1,1,0,0.0
2020-11-20,Delaware,3,2,0,0.0
2020-11-22,Delaware,2,2,0,0.0
2020-11-23,Delaware,5,4,0,0.0
2020-11-24,Delaware,4,4,0,0.0
2020-11-25,Delaware,7,4,0,0.0
2020-11-26,Delaware,8,7,0,0.0
2020-11-27,Delaware,7,5,0,0.0
2020-11-28,Delaware,3,3,0,0.0
2020-11-30,Delaware,5,5,0,0.0
2020-12-01,Delaware,3,3,0,0.0
2020-12-02,Delaware,2,2,0,0.0
2020-12-03,Delaware,6,5,0,0.0
2020-12-04,Delaware,6,5,0,0.0
2020-12-05,Delaware,6,5,0,0.0
2020-12-06,Delaware,3,3,0,0.0
2020-12-07,Delaware,4,3,0,0.0
2020-12-08,Delaware,6,5,0,0.0
2020-12-09,Delaware,3,3,0,0.0
2020-12-10,Delaware,13,11,0,0.0
2020-12-11,Delaware,8,4,0,0.0
2020-12-12,Delaware,4,4,0,0.0
2020-12-13,Delaware,3,3,0,0.0
2020-12-14,Delaware,5,4,0,0.0
2020-12-15,Delaware,9,6,1,43.0
2020-12-16,Delaware,3,3,0,0.0
2020-12-17,Delaware,9,7,0,0.0
2020-12-18,Delaware,8,7,0,0.0
2020-12-19,Delaware,8,7,0,0.0
2020-12-20,Delaware,2,2,0,0.0
2020-12-21,Delaware,4,4,0,0.0
2020-12-22,Delaware,2,1,0,0.0
2020-12-23,Delaware,6,5,0,0.0
2020-12-24,Delaware,2,2,0,0.0
2020-12-25,Delaware,3,3,0,0.0
2020-12-26,Delaware,2,2,0,0.0
2020-12-28,Delaware,7,6,0,0.0
2020-12-29,Delaware,3,3,0,0.0
2020-12-30,Delaware,6,6,0,0.0
2020-12-31,Delaware,2,2,0,0.0
2021-01-01,Delaware,3,3,0,0.0
2021-01-02,Delaware,3,3,0,0.0
2021-01-03,Delaware,4,4,0,0.0
2021-01-04,Delaware,2,2,0,0.0
2021-01-05,Delaware,3,3,0,0.0
2021-01-06,Delaware,6,5,0,0.0
2021-01-07,Delaware,5,4,0,0.0
2021-01-08,Delaware,4,4,0,0.0
2021-01-09,Delaware,2,2,0,0.0
2021-01-10,Delaware,8,7,0,0.0
2021-01-11,Delaware,2,2,0,0.0
2021-01-12,Delaware,6,2,0,0.0
2021-01-13,Delaware,8,8,0,0.0
2021-01-14,Delaware,3,3,0,0.0
2021-01-15,Delaware,4,4,0,0.0
2021-01-16,Delaware,3,3,0,0.0
2021-01-17,Delaware,6,6,0,0.0
2021-01-18,Delaware,2,2,0,0.0
2021-01-19,Delaware,5,4,0,0.0
2021-01-20,Delaware,5,5,0,0.0
2021-01-21,Delaware,5,4,0,0.0
2021-01-23,Delaware,3,3,0,0.0
2021-01-24,Delaware,2,2,0,0.0
2021-01-25,Delaware,4,4,0,0.0
2021-01-26,Delaware,6,6,0,0.0
2021-01-27,Delaware,4,4,0,0.0
2021-01-28,Delaware,2,1,0,0.0
2021-01-29,Delaware,7,7,0,0.0
2021-01-30,Delaware,4,3,0,0.0
2021-01-31,Delaware,3,2,0,0.0
2020-11-01,District of Columbia,4,4,0,0.0
2020-11-02,District of Columbia,4,4,0,0.0
2020-11-03,District of Columbia,4,4,0,0.0
2020-11-04,District of Columbia,6,6,0,0.0
2020-11-05,District of Columbia,13,8,0,0.0
2020-11-06,District of Columbia,4,3,0,0.0
2020-11-07,District of Columbia,3,3,0,0.0
2020-11-08,District of Columbia,2,2,0,0.0
2020-11-09,District of Columbia,4,4,0,0.0
2020-11-10,District of Columbia,7,6,0,0.0
2020-11-11,District of Columbia,9,8,0,0.0
2020-11-12,District of Columbia,6,6,1,16.0
2020-11-13,District of Columbia,9,8,0,0.0
2020-11-15,District of Columbia,2,2,0,0.0
2020-11-16,District of Columbia,4,4,0,0.0
2020-11-17,District of Columbia,7,6,0,0.0
2020-11-18,District of Columbia,9,7,0,0.0
2020-11-19,District of Columbia,2,2,0,0.0
2020-11-20,District of Columbia,8,7,0,0.0
2020-11-21,District of Columbia,1,1,0,0.0
2020-11-22,District of Columbia,6,6,0,0.0
2020-11-23,District of Columbia,5,5,0,0.0
2020-11-24,District of Columbia,5,4,0,0.0
2020-11-25,District of Columbia,5,5,1,185.0
2020-11-26,District of Columbia,7,7,0,0.0
2020-11-27,District of Columbia,8,8,0,0.0
2020-11-28,District of Columbia,4,4,0,0.0
2020-11-29,District of Columbia,8,7,0,0.0
2020-11-30,District of Columbia,5,5,0,0.0
2020-12-01,District of Columbia,12,10,0,0.0
2020-12-02,District of Columbia,9,8,0,0.0
2020-12-03,District of Columbia,5,5,0,0.0
2020-12-04,District of Columbia,6,6,0,0.0
2020-12-05,District of Columbia,3,3,0,0.0
2020-12-06,District of Columbia,7,5,1,128.0
2020-12-07,District of Columbia,7,7,0,0.0
2020-12-08,District of Columbia,6,6,0,0.0
2020-12-09,District of Columbia,9,9,3,135.0
2020-12-10,District of Columbia,8,7,0,0.0
2020-12-11,District of Columbia,5,5,1,62.0
2020-12-12,District of Columbia,7,7,0,0.0
2020-12-13,District of Columbia,6,4,0,0.0
2020-12-14,District of Columbia,7,3,1,0.0
2020-12-15,District of Columbia,18,12,0,0.0
2020-12-16,District of Columbia,5,5,0,0.0
2020-12-17,District of Columbia,10,9,0,0.0
2020-12-18,District of Columbia,5,5,0,0.0
2020-12-19,District of Columbia,9,9,0,0.0
2020-12-20,District of Columbia,5,5,0,0.0
2020-12-21,District of Columbia,11,9,0,0.0
2020-12-22,District of Columbia,9,8,0,0.0
2020-12-23,District of Columbia,9,7,0,0.0
2020-12-24,District of Columbia,5,5,0,0.0
2020-12-25,District of Columbia,3,3,0,0.0
2020-12-26,District of Columbia,2,2,0,0.0
2020-12-27,District of Columbia,5,5,0,0.0
2020-12-28,District of Columbia,5,5,1,51.0
2020-12-29,District of Columbia,3,3,0,0.0
2020-12-30,District of Columbia,5,5,0,0.0
2020-12-31,District of Columbia,1,1,0,0.0
2021-01-01,District of Columbia,2,2,0,0.0
2021-01-02,District of Columbia,3,2,0,0.0
2021-01-03,District of Columbia,6,5,0,0.0
2021-01-04,District of Columbia,4,4,0,0.0
2021-01-05,District of Columbia,4,4,0,0.0
2021-01-06,District of Columbia,8,8,0,0.0
2021-01-07,District of Columbia,9,8,0,0.0
2021-01-08,District of Columbia,5,5,0,0.0
2021-01-09,District of Columbia,6,4,0,0.0
2021-01-10,District of Columbia,1,1,0,0.0
2021-01-11,District of Columbia,5,5,0,0.0
2021-01-12,District of Columbia,10,7,0,0.0
2021-01-13,District of Columbia,5,5,0,0.0
2021-01-14,District of Columbia,7,7,0,0.0
2021-01-15,District of Columbia,7,6,0,0.0
2021-01-16,District of Columbia,7,6,0,0.0
2021-01-17,District of Columbia,4,4,0,0.0
2021-01-18,District of Columbia,7,6,0,0.0
2021-01-19,District of Columbia,5,5,0,0.0
2021-01-20,District of Columbia,4,4,0,0.0
2021-01-21,District of Columbia,9,9,0,0.0
2021-01-22,District of Columbia,4,3,0,0.0
2021-01-23,District of Columbia,3,3,0,0.0
2021-01-24,District of Columbia,4,4,0,0.0
2021-01-25,District of Columbia,6,5,0,0.0
2021-01-26,District of Columbia,8,8,0,0.0
2021-01-27,District of Columbia,9,9,0,0.0
2021-01-28,District of Columbia,7,7,0,0.0
2021-01-29,District of Columbia,1,1,0,0.0
2021-01-30,District of Columbia,9,5,0,0.0
2021-01-31,District of Columbia,5,5,0,0.0
2020-11-01,Florida,69,61,0,0.0
2020-11-02,Florida,72,64,6,290.0
2020-11-03,Florida,107,93,1,24.0
2020-11-04,Florida,101,82,1,16.0
2020-11-05,Florida,83,71,1,14.0
2020-11-06,Florida,60,53,2,72.0
2020-11-07,Florida,44,37,1,56.0
2020-11-08,Florida,54,50,0,0.0
2020-11-09,Florida,75,63,2,127.0
2020-11-10,Florida,78,66,0,0.0
2020-11-11,Florida,88,75,3,213.0
2020-11-12,Florida,79,66,1,10.0
2020-11-13,Florida,71,61,2,130.0
2020-11-14,Florida,40,36,0,0.0
2020-11-15,Florida,60,51,0,0.0
2020-11-16,Florida,64,56,1,44.0
2020-11-17,Florida,87,65,2,72.0
2020-11-18,Florida,92,76,1,5.0
2020-11-19,Florida,66,58,2,208.0
2020-11-20,Florida,83,69,6,350.0
2020-11-21,Florida,75,56,4,144.0
2020-11-22,Florida,58,54,0,0.0
2020-11-23,Florida,84,78,2,60.0
2020-11-24,Florida,95,78,3,190.0
2020-11-25,Florida,87,77,2,122.0
2020-11-26,Florida,73,66,2,304.0
2020-11-27,Florida,70,62,1,83.0
2020-11-28,Florida,62,52,1,27.0
2020-11-29,Florida,62,56,1,40.0
2020-11-30,Florida,95,87,4,269.0
2020-12-01,Florida,119,104,3,53.0
2020-12-02,Florida,102,84,5,309.0
2020-12-03,Florida,117,96,1,44.0
2020-12-04,Florida,91,79,1,55.0
2020-12-05,Florida,58,54,0,0.0
2020-12-06,Florida,48,46,0,0.0
2020-12-07,Florida,96,86,7,254.0
2020-12-08,Florida,159,142,2,687.0
2020-12-09,Florida,132,115,7,605.0
2020-12-10,Florida,119,103,1,42.0
2020-12-11,Florida,106,92,1,163.0
2020-12-12,Florida,76,66,1,24.0
2020-12-13,Florida,62,60,0,0.0
2020-12-14,Florida,97,88,1,784.0
2020-12-15,Florida,112,98,3,160.0
2020-12-16,Florida,129,114,1,98.0
2020-12-17,Florida,98,90,3,949.0
2020-12-18,Florida,110,98,2,229.0
2020-12-19,Florida,69,58,0,0.0
2020-12-20,Florida,69,64,0,0.0
2020-12-21,Florida,74,63,1,92.0
2020-12-22,Florida,90,79,2,130.0
2020-12-23,Florida,73,64,1,30.0
2020-12-24,Florida,57,56,0,0.0
2020-12-25,Florida,54,52,0,0.0
2020-12-26,Florida,38,38,1,120.0
2020-12-27,Florida,53,49,2,75.0
2020-12-28,Florida,53,46,0,0.0
2020-12-29,Florida,66,54,4,160.0
2020-12-30,Florida,82,73,0,0.0
2020-12-31,Florida,44,43,0,0.0
2021-01-01,Florida,58,53,1,34.0
2021-01-02,Florida,53,51,1,7.0
2021-01-03,Florida,56,53,0,0.0
2021-01-04,Florida,59,56,1,123.0
2021-01-05,Florida,79,74,3,56.0
2021-01-06,Florida,138,128,0,0.0
2021-01-07,Florida,118,103,1,16.0
2021-01-08,Florida,87,75,0,0.0
2021-01-09,Florida,71,64,0,0.0
2021-01-10,Florida,52,49,0,0.0
2021-01-11,Florida,68,63,0,0.0
2021-01-12,Florida,112,100,1,86.0
2021-01-13,Florida,114,104,2,110.0
2021-01-14,Florida,97,87,2,88.0
2021-01-15,Florida,70,64,0,0.0
2021-01-16,Florida,64,57,1,170.0
2021-01-17,Florida,52,50,0,0.0
2021-01-18,Florida,73,65,0,0.0
2021-01-19,Florida,73,65,0,0.0
2021-01-20,Florida,94,81,4,338.0
2021-01-21,Florida,106,96,0,0.0
2021-01-22,Florida,75,70,0,0.0
2021-01-23,Florida,73,65,1,21.0
2021-01-24,Florida,81,70,0,0.0
2021-01-25,Florida,91,76,2,130.0
2021-01-26,Florida,85,73,1,87.0
2021-01-27,Florida,96,84,1,0.0
2021-01-28,Florida,81,72,1,0.0
2021-01-29,Florida,93,87,3,0.0
2021-01-30,Florida,60,52,0,0.0
2021-01-31,Florida,57,53,0,0.0
2020-11-01,Georgia,28,27,0,0.0
2020-11-02,Georgia,43,38,1,151.0
2020-11-03,Georgia,80,67,2,334.0
2020-11-04,Georgia,46,39,1,151.0
2020-11-05,Georgia,51,43,0,0.0
2020-11-06,Georgia,41,36,0,0.0
2020-11-07,Georgia,26,23,0,0.0
2020-11-08,Georgia,38,33,1,93.0
2020-11-09,Georgia,45,35,0,0.0
2020-11-10,Georgia,40,35,1,25.0
2020-11-11,Georgia,37,30,1,54.0
2020-11-12,Georgia,47,38,1,54.0
2020-11-13,Georgia,43,34,0,0.0
2020-11-14,Georgia,30,25,0,0.0
2020-11-15,Georgia,18,18,2,128.0
2020-11-16,Georgia,52,43,4,232.0
2020-11-17,Georgia,44,38,1,71.0
2020-11-18,Georgia,49,45,1,71.0
2020-11-19,Georgia,45,38,0,0.0
2020-11-20,Georgia,44,41,0,0.0
2020-11-21,Georgia,44,36,0,0.0
2020-11-22,Georgia,24,23,0,0.0
2020-11-23,Georgia,47,39,0,0.0
2020-11-24,Georgia,61,52,1,60.0
2020-11-25,Georgia,66,55,0,0.0
2020-11-26,Georgia,53,44,1,12.0
2020-11-27,Georgia,57,46,0,0.0
2020-11-28,Georgia,37,37,0,0.0
2020-11-29,Georgia,34,30,0,0.0
2020-11-30,Georgia,41,37,1,64.0
2020-12-01,Georgia,74,62,1,36.0
2020-12-02,Georgia,57,49,0,0.0
2020-12-03,Georgia,55,42,1,48.0
2020-12-04,Georgia,65,54,1,20.0
2020-12-05,Georgia,37,33,1,262.0
2020-12-06,Georgia,51,45,0,0.0
2020-12-07,Georgia,63,51,2,321.0
2020-12-08,Georgia,93,84,0,0.0
2020-12-09,Georgia,84,73,1,44.0
2020-12-10,Georgia,86,75,1,20.0
2020-12-11,Georgia,61,53,1,44.0
2020-12-12,Georgia,34,32,0,0.0
2020-12-13,Georgia,28,27,2,148.0
2020-12-14,Georgia,58,53,0,0.0
2020-12-15,Georgia,62,53,2,59.0
2020-12-16,Georgia,56,45,1,167.0
2020-12-17,Georgia,56,48,0,0.0
2020-12-18,Georgia,69,65,0,0.0
2020-12-19,Georgia,49,43,0,0.0
2020-12-20,Georgia,50,48,0,0.0
2020-12-21,Georgia,55,48,0,0.0
2020-12-22,Georgia,45,41,3,96.0
2020-12-23,Georgia,59,46,1,53.0
2020-12-24,Georgia,32,32,0,0.0
2020-12-25,Georgia,29,27,1,48.0
2020-12-26,Georgia,40,35,0,0.0
2020-12-27,Georgia,41,37,0,0.0
2020-12-28,Georgia,39,36,1,66.0
2020-12-29,Georgia,49,46,0,0.0
2020-12-30,Georgia,39,34,0,0.0
2020-12-31,Georgia,30,28,0,0.0
2021-01-01,Georgia,25,23,0,0.0
2021-01-02,Georgia,44,43,1,341.0
2021-01-03,Georgia,32,30,0,0.0
2021-01-04,Georgia,42,40,0,0.0
2021-01-05,Georgia,53,50,1,23.0
2021-01-06,Georgia,60,56,0,0.0
2021-01-07,Georgia,50,43,0,0.0
2021-01-08,Georgia,55,47,0,0.0
2021-01-09,Georgia,39,35,0,0.0
2021-01-10,Georgia,29,27,0,0.0
2021-01-11,Georgia,51,45,0,0.0
2021-01-12,Georgia,44,38,0,0.0
2021-01-13,Georgia,48,40,1,0.0
2021-01-14,Georgia,47,42,1,70.0
2021-01-15,Georgia,48,41,0,0.0
2021-01-16,Georgia,39,38,1,54.0
2021-01-17,Georgia,38,35,0,0.0
2021-01-18,Georgia,41,35,0,0.0
2021-01-19,Georgia,49,42,0,0.0
2021-01-20,Georgia,49,46,0,0.0
2021-01-21,Georgia,44,39,2,120.0
2021-01-22,Georgia,52,44,0,0.0
2021-01-23,Georgia,34,32,0,0.0
2021-01-24,Georgia,34,32,0,0.0
2021-01-25,Georgia,45,44,0,0.0
2021-01-26,Georgia,53,47,1,0.0
2021-01-27,Georgia,61,53,1,0.0
2021-01-28,Georgia,64,54,2,0.0
2021-01-29,Georgia,53,49,0,0.0
2021-01-30,Georgia,32,31,0,0.0
2021-01-31,Georgia,43,39,0,0.0
2020-11-01,Hawaii,5,4,0,0.0
2020-11-02,Hawaii,6,5,0,0.0
2020-11-03,Hawaii,10,9,0,0.0
2020-11-04,Hawaii,9,8,0,0.0
2020-11-05,Hawaii,6,6,0,0.0
2020-11-06,Hawaii,7,4,0,0.0
2020-11-07,Hawaii,1,1,0,0.0
2020-11-08,Hawaii,4,3,0,0.0
2020-11-09,Hawaii,5,5,0,0.0
2020-11-10,Hawaii,1,1,0,0.0
2020-11-11,Hawaii,3,3,0,0.0
2020-11-12,Hawaii,2,2,0,0.0
2020-11-13,Hawaii,3,2,0,0.0
2020-11-14,Hawaii,4,4,0,0.0
2020-11-15,Hawaii,1,1,0,0.0
2020-11-16,Hawaii,4,4,0,0.0
2020-11-17,Hawaii,4,4,0,0.0
2020-11-18,Hawaii,1,1,0,0.0
2020-11-19,Hawaii,1,1,0,0.0
2020-11-20,Hawaii,3,3,0,0.0
2020-11-21,Hawaii,2,2,0,0.0
2020-11-22,Hawaii,2,2,0,0.0
2020-11-23,Hawaii,9,7,0,0.0
2020-11-25,Hawaii,4,4,0,0.0
2020-11-26,Hawaii,7,6,0,0.0
2020-11-27,Hawaii,3,3,0,0.0
2020-11-28,Hawaii,5,5,0,0.0
2020-11-29,Hawaii,2,2,0,0.0
2020-11-30,Hawaii,5,4,0,0.0
2020-12-01,Hawaii,13,11,0,0.0
2020-12-02,Hawaii,8,6,0,0.0
2020-12-03,Hawaii,9,7,0,0.0
2020-12-04,Hawaii,10,9,0,0.0
2020-12-05,Hawaii,6,6,0,0.0
2020-12-06,Hawaii,3,3,0,0.0
2020-12-07,Hawaii,9,7,0,0.0
2020-12-08,Hawaii,12,12,0,0.0
2020-12-09,Hawaii,4,4,0,0.0
2020-12-10,Hawaii,7,6,0,0.0
2020-12-11,Hawaii,4,3,0,0.0
2020-12-12,Hawaii,5,5,0,0.0
2020-12-13,Hawaii,6,6,0,0.0
2020-12-14,Hawaii,5,5,0,0.0
2020-12-15,Hawaii,5,5,0,0.0
2020-12-16,Hawaii,5,5,0,0.0
2020-12-17,Hawaii,7,6,0,0.0
2020-12-18,Hawaii,2,2,0,0.0
2020-12-20,Hawaii,3,3,0,0.0
2020-12-21,Hawaii,5,5,0,0.0
2020-12-22,Hawaii,6,4,0,0.0
2020-12-23,Hawaii,5,5,1,136.0
2020-12-24,Hawaii,7,7,0,0.0
2020-12-25,Hawaii,3,3,0,0.0
2020-12-26,Hawaii,5,5,0,0.0
2020-12-27,Hawaii,5,5,0,0.0
2020-12-28,Hawaii,3,2,0,0.0
2020-12-29,Hawaii,3,3,0,0.0
2020-12-30,Hawaii,1,1,0,0.0
2020-12-31,Hawaii,6,5,0,0.0
2021-01-01,Hawaii,5,4,0,0.0
2021-01-02,Hawaii,4,3,0,0.0
2021-01-03,Hawaii,6,5,0,0.0
2021-01-05,Hawaii,4,4,0,0.0
2021-01-06,Hawaii,7,6,0,0.0
2021-01-07,Hawaii,4,4,0,0.0
2021-01-08,Hawaii,4,4,0,0.0
2021-01-09,Hawaii,5,5,0,0.0
2021-01-10,Hawaii,3,3,0,0.0
2021-01-11,Hawaii,4,4,0,0.0
2021-01-12,Hawaii,9,8,0,0.0
2021-01-13,Hawaii,5,5,1,18.0
2021-01-14,Hawaii,3,3,0,0.0
2021-01-15,Hawaii,5,5,0,0.0
2021-01-16,Hawaii,2,2,0,0.0
2021-01-17,Hawaii,3,3,1,55.0
2021-01-18,Hawaii,6,5,0,0.0
2021-01-19,Hawaii,5,5,0,0.0
2021-01-20,Hawaii,6,5,0,0.0
2021-01-21,Hawaii,5,3,0,0.0
2021-01-22,Hawaii,4,3,0,0.0
2021-01-23,Hawaii,2,2,0,0.0
2021-01-24,Hawaii,6,6,0,0.0
2021-01-25,Hawaii,3,3,0,0.0
2021-01-26,Hawaii,4,4,0,0.0
2021-01-27,Hawaii,5,5,0,0.0
2021-01-28,Hawaii,4,4,0,0.0
2021-01-29,Hawaii,2,2,0,0.0
2021-01-30,Hawaii,9,9,0,0.0
2020-11-01,Idaho,4,4,0,0.0
2020-11-02,Idaho,4,4,1,35.0
2020-11-03,Idaho,2,2,0,0.0
2020-11-04,Idaho,7,4,0,0.0
2020-11-05,Idaho,6,5,0,0.0
2020-11-06,Idaho,7,6,0,0.0
2020-11-07,Idaho,5,5,0,0.0
2020-11-08,Idaho,5,5,0,0.0
2020-11-09,Idaho,5,5,0,0.0
2020-11-10,Idaho,4,4,1,63.0
2020-11-11,Idaho,6,6,0,0.0
2020-11-12,Idaho,5,5,0,0.0
2020-11-13,Idaho,7,6,0,0.0
2020-11-14,Idaho,3,3,0,0.0
2020-11-15,Idaho,1,1,0,0.0
2020-11-16,Idaho,6,6,0,0.0
2020-11-17,Idaho,3,3,0,0.0
2020-11-18,Idaho,6,5,0,0.0
2020-11-19,Idaho,3,3,0,0.0
2020-11-20,Idaho,5,5,0,0.0
2020-11-21,Idaho,5,5,0,0.0
2020-11-22,Idaho,5,5,0,0.0
2020-11-23,Idaho,9,9,2,32.0
2020-11-24,Idaho,3,3,0,0.0
2020-11-25,Idaho,8,6,0,0.0
2020-11-26,Idaho,8,6,0,0.0
2020-11-27,Idaho,11,11,1,24.0
2020-11-28,Idaho,6,5,0,0.0
2020-11-29,Idaho,8,7,0,0.0
2020-11-30,Idaho,7,5,0,0.0
2020-12-01,Idaho,4,4,0,0.0
2020-12-02,Idaho,11,9,0,0.0
2020-12-03,Idaho,10,6,0,0.0
2020-12-04,Idaho,6,6,0,0.0
2020-12-05,Idaho,4,3,0,0.0
2020-12-06,Idaho,6,6,0,0.0
2020-12-07,Idaho,7,7,0,0.0
2020-12-08,Idaho,7,7,0,0.0
2020-12-09,Idaho,8,7,0,0.0
2020-12-10,Idaho,18,14,0,0.0
2020-12-11,Idaho,9,8,1,54.0
2020-12-12,Idaho,1,1,0,0.0
2020-12-13,Idaho,4,4,0,0.0
2020-12-14,Idaho,5,4,0,0.0
2020-12-15,Idaho,12,10,0,0.0
2020-12-16,Idaho,9,9,0,0.0
2020-12-17,Idaho,6,6,0,0.0
2020-12-18,Idaho,8,7,0,0.0
2020-12-19,Idaho,9,8,0,0.0
2020-12-20,Idaho,9,8,0,0.0
2020-12-21,Idaho,9,9,0,0.0
2020-12-22,Idaho,4,3,0,0.0
2020-12-23,Idaho,1,1,0,0.0
2020-12-24,Idaho,3,3,1,25.0
2020-12-26,Idaho,4,3,0,0.0
2020-12-27,Idaho,2,2,0,0.0
2020-12-28,Idaho,5,5,0,0.0
2020-12-29,Idaho,5,5,0,0.0
2020-12-30,Idaho,6,6,0,0.0
2020-12-31,Idaho,2,2,0,0.0
2021-01-01,Idaho,7,5,0,0.0
2021-01-02,Idaho,4,4,0,0.0
2021-01-03,Idaho,3,3,0,0.0
2021-01-04,Idaho,2,2,0,0.0
2021-01-05,Idaho,10,8,0,0.0
2021-01-06,Idaho,6,6,0,0.0
2021-01-07,Idaho,8,8,0,0.0
2021-01-08,Idaho,8,6,0,0.0
2021-01-09,Idaho,2,2,0,0.0
2021-01-10,Idaho,3,3,0,0.0
2021-01-11,Idaho,8,7,0,0.0
2021-01-12,Idaho,8,5,0,0.0
2021-01-13,Idaho,3,3,0,0.0
2021-01-14,Idaho,4,3,0,0.0
2021-01-15,Idaho,4,4,0,0.0
2021-01-16,Idaho,7,7,0,0.0
2021-01-17,Idaho,5,5,0,0.0
2021-01-18,Idaho,11,7,1,89.0
2021-01-19,Idaho,8,8,1,72.0
2021-01-20,Idaho,10,9,0,0.0
2021-01-21,Idaho,3,3,0,0.0
2021-01-22,Idaho,5,5,0,0.0
2021-01-23,Idaho,6,6,0,0.0
2021-01-24,Idaho,6,6,0,0.0
2021-01-25,Idaho,5,4,0,0.0
2021-01-26,Idaho,7,7,0,0.0
2021-01-27,Idaho,3,3,0,0.0
2021-01-28,Idaho,3,3,0,0.0
2021-01-29,Idaho,8,7,0,0.0
2021-01-30,Idaho,12,10,0,0.0
2021-01-31,Idaho,6,6,0,0.0
2020-11-01,Illinois,34,32,0,0.0
2020-11-02,Illinois,78,70,0,0.0
2020-11-03,Illinois,97,86,1,32.0
2020-11-04,Illinois,62,55,0,0.0
2020-11-05,Illinois,87,69,1,32.0
2020-11-06,Illinois,51,43,1,22.0
2020-11-07,Illinois,34,30,1,128.0
2020-11-08,Illinois,26,19,1,17.0
2020-11-09,Illinois,44,44,0,0.0
2020-11-10,Illinois,61,56,2,260.0
2020-11-11,Illinois,53,43,1,40.0
2020-11-12,Illinois,58,48,1,108.0
2020-11-13,Illinois,53,49,2,60.0
2020-11-14,Illinois,35,34,0,0.0
2020-11-15,Illinois,33,31,1,174.0
2020-11-16,Illinois,77,67,1,30.0
2020-11-17,Illinois,60,55,1,22.0
2020-11-18,Illinois,79,69,0,0.0
2020-11-19,Illinois,76,66,3,214.0
2020-11-20,Illinois,74,60,0,0.0
2020-11-21,Illinois,51,47,0,0.0
2020-11-22,Illinois,59,42,1,0.0
2020-11-23,Illinois,59,54,0,0.0
2020-11-24,Illinois,75,66,1,86.0
2020-11-25,Illinois,79,72,3,138.0
2020-11-26,Illinois,72,59,2,45.0
2020-11-27,Illinois,63,54,2,103.0
2020-11-28,Illinois,59,48,4,322.0
2020-11-29,Illinois,46,42,0,0.0
2020-11-30,Illinois,72,64,0,0.0
2020-12-01,Illinois,75,67,0,0.0
2020-12-02,Illinois,80,61,1,24.0
2020-12-03,Illinois,101,89,3,85.0
2020-12-04,Illinois,85,74,0,0.0
2020-12-05,Illinois,64,54,1,0.0
2020-12-06,Illinois,60,55,1,28.0
2020-12-07,Illinois,85,77,1,60.0
2020-12-08,Illinois,116,101,1,11.0
2020-12-09,Illinois,101,92,2,83.0
2020-12-10,Illinois,94,83,4,105.0
2020-12-11,Illinois,89,77,5,479.0
2020-12-12,Illinois,69,60,2,62.0
2020-12-13,Illinois,59,55,0,0.0
2020-12-14,Illinois,89,76,0,0.0
2020-12-15,Illinois,95,80,3,158.0
2020-12-16,Illinois,79,68,3,449.0
2020-12-17,Illinois,92,82,4,325.0
2020-12-18,Illinois,74,70,0,0.0
2020-12-19,Illinois,71,61,4,240.0
2020-12-20,Illinois,60,46,0,0.0
2020-12-21,Illinois,64,59,0,0.0
2020-12-22,Illinois,57,51,1,61.0
2020-12-23,Illinois,57,51,0,0.0
2020-12-24,Illinois,55,52,0,0.0
2020-12-25,Illinois,53,51,0,0.0
2020-12-26,Illinois,39,36,0,0.0
2020-12-27,Illinois,45,45,0,0.0
2020-12-28,Illinois,56,50,0,0.0
2020-12-29,Illinois,46,45,0,0.0
2020-12-30,Illinois,57,51,0,0.0
2020-12-31,Illinois,36,33,0,0.0
2021-01-01,Illinois,46,44,0,0.0
2021-01-02,Illinois,51,49,1,21.0
2021-01-03,Illinois,47,43,1,16.0
2021-01-04,Illinois,61,53,0,0.0
2021-01-05,Illinois,87,78,2,94.0
2021-01-06,Illinois,120,108,0,0.0
2021-01-07,Illinois,82,76,2,98.0
2021-01-08,Illinois,72,65,0,0.0
2021-01-09,Illinois,58,51,0,0.0
2021-01-10,Illinois,55,52,0,0.0
2021-01-11,Illinois,77,72,0,0.0
2021-01-12,Illinois,91,81,1,21.0
2021-01-13,Illinois,91,79,0,0.0
2021-01-14,Illinois,55,53,0,0.0
2021-01-15,Illinois,57,53,2,56.0
2021-01-16,Illinois,46,44,1,146.0
2021-01-17,Illinois,40,37,1,5.0
2021-01-18,Illinois,43,41,0,0.0
2021-01-19,Illinois,71,64,0,0.0
2021-01-20,Illinois,75,63,1,40.0
2021-01-21,Illinois,82,77,1,44.0
2021-01-22,Illinois,87,73,4,291.0
2021-01-23,Illinois,55,47,0,0.0
2021-01-24,Illinois,42,40,1,55.0
2021-01-25,Illinois,74,62,2,107.0
2021-01-26,Illinois,68,54,0,0.0
2021-01-27,Illinois,90,73,1,10.0
2021-01-28,Illinois,66,63,13,0.0
2021-01-29,Illinois,58,53,0,0.0
2021-01-30,Illinois,72,66,1,0.0
2021-01-31,Illinois,44,41,0,0.0
2020-11-01,Indiana,17,16,0,0.0
2020-11-02,Indiana,23,20,0,0.0
2020-11-03,Indiana,31,26,1,69.0
2020-11-04,Indiana,18,18,0,0.0
2020-11-05,Indiana,22,19,0,0.0
2020-11-06,Indiana,17,15,1,58.0
2020-11-07,Indiana,6,6,0,0.0
2020-11-08,Indiana,8,8,0,0.0
2020-11-09,Indiana,15,14,0,0.0
2020-11-10,Indiana,24,22,2,102.0
2020-11-11,Indiana,24,21,1,101.0
2020-11-12,Indiana,20,16,1,162.0
2020-11-13,Indiana,20,17,0,0.0
2020-11-14,Indiana,8,8,0,0.0
2020-11-15,Indiana,12,9,0,0.0
2020-11-16,Indiana,28,22,1,98.0
2020-11-17,Indiana,19,16,1,103.0
2020-11-18,Indiana,13,13,0,0.0
2020-11-19,Indiana,23,20,0,0.0
2020-11-20,Indiana,32,23,0,0.0
2020-11-21,Indiana,22,21,0,0.0
2020-11-22,Indiana,14,12,0,0.0
2020-11-23,Indiana,25,21,0,0.0
2020-11-24,Indiana,26,20,0,0.0
2020-11-25,Indiana,23,22,0,0.0
2020-11-26,Indiana,17,13,0,0.0
2020-11-27,Indiana,24,23,1,21.0
2020-11-28,Indiana,14,11,0,0.0
2020-11-29,Indiana,12,12,0,0.0
2020-11-30,Indiana,21,18,0,0.0
2020-12-01,Indiana,30,29,0,0.0
2020-12-02,Indiana,29,24,0,0.0
2020-12-03,Indiana,45,37,2,161.0
2020-12-04,Indiana,27,24,2,136.0
2020-12-05,Indiana,18,15,0,0.0
2020-12-06,Indiana,20,13,0,0.0
2020-12-07,Indiana,30,27,1,46.0
2020-12-08,Indiana,49,39,0,0.0
2020-12-09,Indiana,44,36,0,0.0
2020-12-10,Indiana,43,37,1,129.0
2020-12-11,Indiana,22,21,1,0.0
2020-12-12,Indiana,21,21,0,0.0
2020-12-13,Indiana,13,12,0,0.0
2020-12-14,Indiana,30,28,0,0.0
2020-12-15,Indiana,38,32,0,0.0
2020-12-16,Indiana,38,32,0,0.0
2020-12-17,Indiana,24,23,0,0.0
2020-12-18,Indiana,22,18,0,0.0
2020-12-19,Indiana,23,21,0,0.0
2020-12-20,Indiana,20,18,0,0.0
2020-12-21,Indiana,24,23,0,0.0
2020-12-22,Indiana,12,11,0,0.0
2020-12-23,Indiana,13,12,0,0.0
2020-12-24,Indiana,15,14,1,135.0
2020-12-25,Indiana,14,14,0,0.0
2020-12-26,Indiana,14,14,0,0.0
2020-12-27,Indiana,16,16,0,0.0
2020-12-28,Indiana,9,9,0,0.0
2020-12-29,Indiana,15,15,0,0.0
2020-12-30,Indiana,14,14,0,0.0
2020-12-31,Indiana,21,19,0,0.0
2021-01-01,Indiana,9,9,3,72.0
2021-01-02,Indiana,24,22,0,0.0
2021-01-03,Indiana,12,12,0,0.0
2021-01-04,Indiana,12,10,0,0.0
2021-01-05,Indiana,27,23,0,0.0
2021-01-06,Indiana,47,41,0,0.0
2021-01-07,Indiana,28,24,0,0.0
2021-01-08,Indiana,23,22,1,113.0
2021-01-09,Indiana,29,23,0,0.0
2021-01-10,Indiana,17,17,0,0.0
2021-01-11,Indiana,33,28,1,35.0
2021-01-12,Indiana,30,24,0,0.0
2021-01-13,Indiana,28,25,0,0.0
2021-01-14,Indiana,32,31,0,0.0
2021-01-15,Indiana,24,18,0,0.0
2021-01-16,Indiana,20,16,0,0.0
2021-01-17,Indiana,22,18,1,43.0
2021-01-18,Indiana,17,17,1,276.0
2021-01-19,Indiana,22,20,0,0.0
2021-01-20,Indiana,27,26,1,46.0
2021-01-21,Indiana,27,24,0,0.0
2021-01-22,Indiana,17,15,0,0.0
2021-01-23,Indiana,17,14,0,0.0
2021-01-24,Indiana,29,24,1,21.0
2021-01-25,Indiana,21,18,0,0.0
2021-01-26,Indiana,26,20,0,0.0
2021-01-27,Indiana,24,21,0,0.0
2021-01-28,Indiana,25,24,0,0.0
2021-01-29,Indiana,22,20,0,0.0
2021-01-30,Indiana,20,19,1,0.0
2021-01-31,Indiana,14,14,0,0.0
2020-11-01,Iowa,12,10,0,0.0
2020-11-02,Iowa,13,12,0,0.0
2020-11-03,Iowa,22,21,0,0.0
2020-11-04,Iowa,15,14,0,0.0
2020-11-05,Iowa,12,12,0,0.0
2020-11-06,Iowa,9,9,1,16.0
2020-11-07,Iowa,5,4,0,0.0
2020-11-08,Iowa,9,8,0,0.0
2020-11-09,Iowa,7,5,0,0.0
2020-11-10,Iowa,7,7,0,0.0
2020-11-11,Iowa,10,10,0,0.0
2020-11-12,Iowa,12,12,0,0.0
2020-11-13,Iowa,8,7,0,0.0
2020-11-14,Iowa,3,3,0,0.0
2020-11-15,Iowa,10,8,0,0.0
2020-11-16,Iowa,12,11,1,16.0
2020-11-17,Iowa,9,9,0,0.0
2020-11-18,Iowa,12,12,0,0.0
2020-11-19,Iowa,12,8,0,0.0
2020-11-20,Iowa,22,17,2,88.0
2020-11-21,Iowa,10,8,0,0.0
2020-11-22,Iowa,8,6,0,0.0
2020-11-23,Iowa,10,10,2,44.0
2020-11-24,Iowa,11,11,0,0.0
2020-11-25,Iowa,13,13,0,0.0
2020-11-26,Iowa,9,7,0,0.0
2020-11-27,Iowa,18,17,0,0.0
2020-11-28,Iowa,19,11,0,0.0
2020-11-29,Iowa,7,7,0,0.0
2020-11-30,Iowa,27,20,1,245.0
2020-12-01,Iowa,19,18,0,0.0
2020-12-02,Iowa,9,6,1,33.0
2020-12-03,Iowa,20,16,0,0.0
2020-12-04,Iowa,18,16,0,0.0
2020-12-05,Iowa,5,5,0,0.0
2020-12-06,Iowa,2,2,0,0.0
2020-12-07,Iowa,13,12,0,0.0
2020-12-08,Iowa,16,16,1,53.0
2020-12-09,Iowa,10,8,1,177.0
2020-12-10,Iowa,13,13,1,11.0
2020-12-11,Iowa,17,16,0,0.0
2020-12-12,Iowa,16,16,0,0.0
2020-12-13,Iowa,14,11,0,0.0
2020-12-14,Iowa,25,19,0,0.0
2020-12-15,Iowa,13,13,0,0.0
2020-12-16,Iowa,23,21,0,0.0
2020-12-17,Iowa,18,18,1,39.0
2020-12-18,Iowa,15,14,0,0.0
2020-12-19,Iowa,13,9,0,0.0
2020-12-20,Iowa,13,7,0,0.0
2020-12-21,Iowa,7,7,0,0.0
2020-12-22,Iowa,9,8,0,0.0
2020-12-23,Iowa,11,10,0,0.0
2020-12-24,Iowa,4,4,0,0.0
2020-12-25,Iowa,5,5,0,0.0
2020-12-26,Iowa,8,8,0,0.0
2020-12-27,Iowa,8,7,0,0.0
2020-12-28,Iowa,13,11,0,0.0
2020-12-29,Iowa,13,12,0,0.0
2020-12-30,Iowa,11,11,0,0.0
2020-12-31,Iowa,11,10,0,0.0
2021-01-01,Iowa,5,5,0,0.0
2021-01-02,Iowa,8,7,0,0.0
2021-01-03,Iowa,12,10,0,0.0
2021-01-04,Iowa,15,14,0,0.0
2021-01-05,Iowa,17,17,0,0.0
2021-01-06,Iowa,14,10,0,0.0
2021-01-07,Iowa,15,15,0,0.0
2021-01-08,Iowa,15,14,0,0.0
2021-01-09,Iowa,6,6,0,0.0
2021-01-10,Iowa,10,10,0,0.0
2021-01-11,Iowa,11,10,0,0.0
2021-01-12,Iowa,16,15,0,0.0
2021-01-13,Iowa,20,17,1,45.0
2021-01-14,Iowa,12,11,0,0.0
2021-01-15,Iowa,15,13,0,0.0
2021-01-16,Iowa,12,11,0,0.0
2021-01-17,Iowa,9,8,0,0.0
2021-01-18,Iowa,27,21,0,0.0
2021-01-19,Iowa,12,11,0,0.0
2021-01-20,Iowa,8,7,0,0.0
2021-01-21,Iowa,16,12,0,0.0
2021-01-22,Iowa,17,15,1,0.0
2021-01-23,Iowa,7,6,0,0.0
2021-01-24,Iowa,7,7,0,0.0
2021-01-25,Iowa,11,11,0,0.0
2021-01-26,Iowa,11,11,0,0.0
2021-01-27,Iowa,13,13,0,0.0
2021-01-28,Iowa,14,13,0,0.0
2021-01-29,Iowa,12,12,0,0.0
2021-01-30,Iowa,10,10,0,0.0
2021-01-31,Iowa,11,11,0,0.0
2020-11-01,Kansas,5,5,0,0.0
2020-11-02,Kansas,7,7,0,0.0
2020-11-03,Kansas,12,10,0,0.0
2020-11-04,Kansas,11,11,0,0.0
2020-11-05,Kansas,13,11,0,0.0
2020-11-06,Kansas,11,9,0,0.0
2020-11-07,Kansas,7,7,0,0.0
2020-11-08,Kansas,8,6,0,0.0
2020-11-09,Kansas,8,6,0,0.0
2020-11-10,Kansas,9,7,1,94.0
2020-11-11,Kansas,13,10,1,71.0
2020-11-12,Kansas,8,4,0,0.0
2020-11-13,Kansas,9,8,0,0.0
2020-11-14,Kansas,5,4,0,0.0
2020-11-15,Kansas,10,7,0,0.0
2020-11-16,Kansas,12,11,0,0.0
2020-11-17,Kansas,12,12,0,0.0
2020-11-18,Kansas,6,5,0,0.0
2020-11-19,Kansas,16,11,0,0.0
2020-11-20,Kansas,9,8,0,0.0
2020-11-21,Kansas,12,12,0,0.0
2020-11-22,Kansas,16,13,0,0.0
2020-11-23,Kansas,14,13,0,0.0
2020-11-24,Kansas,13,11,3,607.0
2020-11-25,Kansas,12,11,0,0.0
2020-11-26,Kansas,13,10,0,0.0
2020-11-27,Kansas,14,13,0,0.0
2020-11-28,Kansas,10,10,1,25.0
2020-11-29,Kansas,10,10,0,0.0
2020-11-30,Kansas,10,9,2,67.0
2020-12-01,Kansas,15,14,0,0.0
2020-12-02,Kansas,13,10,0,0.0
2020-12-03,Kansas,21,16,1,32.0
2020-12-04,Kansas,20,19,0,0.0
2020-12-05,Kansas,9,6,0,0.0
2020-12-06,Kansas,10,9,0,0.0
2020-12-07,Kansas,19,17,0,0.0
2020-12-08,Kansas,28,25,0,0.0
2020-12-09,Kansas,23,20,0,0.0
2020-12-10,Kansas,22,18,0,0.0
2020-12-11,Kansas,26,22,0,0.0
2020-12-12,Kansas,13,13,0,0.0
2020-12-13,Kansas,17,17,1,36.0
2020-12-14,Kansas,9,9,1,63.0
2020-12-15,Kansas,19,17,0,0.0
2020-12-16,Kansas,17,16,0,0.0
2020-12-17,Kansas,21,19,1,48.0
2020-12-18,Kansas,23,18,1,68.0
2020-12-19,Kansas,9,9,0,0.0
2020-12-20,Kansas,18,17,1,22.0
2020-12-21,Kansas,11,10,1,46.0
2020-12-22,Kansas,9,9,0,0.0
2020-12-23,Kansas,7,7,0,0.0
2020-12-24,Kansas,13,13,0,0.0
2020-12-25,Kansas,6,6,0,0.0
2020-12-26,Kansas,10,7,0,0.0
2020-12-27,Kansas,19,17,1,44.0
2020-12-28,Kansas,8,8,0,0.0
2020-12-29,Kansas,8,8,1,210.0
2020-12-30,Kansas,16,15,0,0.0
2020-12-31,Kansas,14,10,0,0.0
2021-01-01,Kansas,5,5,0,0.0
2021-01-02,Kansas,14,13,0,0.0
2021-01-03,Kansas,13,13,0,0.0
2021-01-04,Kansas,13,11,0,0.0
2021-01-05,Kansas,19,16,0,0.0
2021-01-06,Kansas,32,28,1,95.0
2021-01-07,Kansas,14,14,0,0.0
2021-01-08,Kansas,19,14,0,0.0
2021-01-09,Kansas,8,7,0,0.0
2021-01-10,Kansas,12,12,0,0.0
2021-01-11,Kansas,13,9,0,0.0
2021-01-12,Kansas,20,19,0,0.0
2021-01-13,Kansas,12,7,0,0.0
2021-01-14,Kansas,16,14,0,0.0
2021-01-15,Kansas,14,12,0,0.0
2021-01-16,Kansas,12,12,0,0.0
2021-01-17,Kansas,8,8,0,0.0
2021-01-18,Kansas,17,16,0,0.0
2021-01-19,Kansas,18,17,0,0.0
2021-01-20,Kansas,15,15,0,0.0
2021-01-21,Kansas,18,16,0,0.0
2021-01-22,Kansas,23,20,1,173.0
2021-01-23,Kansas,3,3,0,0.0
2021-01-24,Kansas,8,8,0,0.0
2021-01-25,Kansas,5,4,0,0.0
2021-01-26,Kansas,8,8,0,0.0
2021-01-27,Kansas,17,17,1,0.0
2021-01-28,Kansas,12,10,1,0.0
2021-01-29,Kansas,8,7,0,0.0
2021-01-30,Kansas,13,13,0,0.0
2021-01-31,Kansas,13,12,0,0.0
2020-11-01,Kentucky,16,15,0,0.0
2020-11-02,Kentucky,16,12,0,0.0
2020-11-03,Kentucky,14,14,0,0.0
2020-11-04,Kentucky,12,9,0,0.0
2020-11-05,Kentucky,14,13,1,89.0
2020-11-06,Kentucky,12,10,0,0.0
2020-11-07,Kentucky,8,7,0,0.0
2020-11-08,Kentucky,4,3,0,0.0
2020-11-09,Kentucky,12,10,0,0.0
2020-11-10,Kentucky,17,15,0,0.0
2020-11-11,Kentucky,12,10,0,0.0
2020-11-12,Kentucky,12,10,0,0.0
2020-11-13,Kentucky,11,10,0,0.0
2020-11-14,Kentucky,6,6,1,57.0
2020-11-15,Kentucky,7,5,0,0.0
2020-11-16,Kentucky,12,10,0,0.0
2020-11-17,Kentucky,20,16,0,0.0
2020-11-18,Kentucky,16,15,0,0.0
2020-11-19,Kentucky,12,11,0,0.0
2020-11-20,Kentucky,13,11,0,0.0
2020-11-21,Kentucky,9,8,0,0.0
2020-11-22,Kentucky,6,5,0,0.0
2020-11-23,Kentucky,10,8,0,0.0
2020-11-24,Kentucky,11,11,0,0.0
2020-11-25,Kentucky,22,17,0,0.0
2020-11-26,Kentucky,13,13,0,0.0
2020-11-27,Kentucky,11,11,0,0.0
2020-11-28,Kentucky,10,9,0,0.0
2020-11-29,Kentucky,11,10,1,210.0
2020-11-30,Kentucky,22,20,0,0.0
2020-12-01,Kentucky,17,16,0,0.0
2020-12-02,Kentucky,29,23,1,24.0
2020-12-03,Kentucky,15,15,0,0.0
2020-12-04,Kentucky,15,14,0,0.0
2020-12-05,Kentucky,12,11,0,0.0
2020-12-06,Kentucky,14,11,0,0.0
2020-12-07,Kentucky,20,18,0,0.0
2020-12-08,Kentucky,25,21,0,0.0
2020-12-09,Kentucky,20,19,0,0.0
2020-12-10,Kentucky,22,18,2,121.0
2020-12-11,Kentucky,6,6,0,0.0
2020-12-12,Kentucky,11,11,0,0.0
2020-12-13,Kentucky,15,14,0,0.0
2020-12-14,Kentucky,16,12,0,0.0
2020-12-15,Kentucky,17,15,0,0.0
2020-12-16,Kentucky,19,16,1,74.0
2020-12-17,Kentucky,20,13,1,60.0
2020-12-18,Kentucky,15,14,0,0.0
2020-12-19,Kentucky,13,12,0,0.0
2020-12-20,Kentucky,12,11,0,0.0
2020-12-21,Kentucky,12,12,0,0.0
2020-12-22,Kentucky,12,10,0,0.0
2020-12-23,Kentucky,10,10,0,0.0
2020-12-24,Kentucky,12,11,1,24.0
2020-12-25,Kentucky,5,5,0,0.0
2020-12-26,Kentucky,7,7,0,0.0
2020-12-27,Kentucky,4,4,0,0.0
2020-12-28,Kentucky,16,14,0,0.0
2020-12-29,Kentucky,11,9,1,57.0
2020-12-30,Kentucky,11,8,0,0.0
2020-12-31,Kentucky,7,7,0,0.0
2021-01-01,Kentucky,3,3,0,0.0
2021-01-02,Kentucky,13,13,0,0.0
2021-01-03,Kentucky,7,7,1,34.0
2021-01-04,Kentucky,9,6,0,0.0
2021-01-05,Kentucky,15,15,0,0.0
2021-01-06,Kentucky,17,16,0,0.0
2021-01-07,Kentucky,15,13,0,0.0
2021-01-08,Kentucky,12,11,1,60.0
2021-01-09,Kentucky,8,8,0,0.0
2021-01-10,Kentucky,9,9,0,0.0
2021-01-11,Kentucky,9,8,0,0.0
2021-01-12,Kentucky,21,20,1,81.0
2021-01-13,Kentucky,12,12,0,0.0
2021-01-14,Kentucky,14,12,0,0.0
2021-01-15,Kentucky,19,18,0,0.0
2021-01-16,Kentucky,11,10,0,0.0
2021-01-17,Kentucky,14,13,0,0.0
2021-01-18,Kentucky,9,9,0,0.0
2021-01-19,Kentucky,19,17,0,0.0
2021-01-20,Kentucky,17,15,0,0.0
2021-01-21,Kentucky,10,10,0,0.0
2021-01-22,Kentucky,7,6,2,162.0
2021-01-23,Kentucky,13,13,0,0.0
2021-01-24,Kentucky,6,6,0,0.0
2021-01-25,Kentucky,6,6,0,0.0
2021-01-26,Kentucky,11,11,0,0.0
2021-01-27,Kentucky,9,6,0,0.0
2021-01-28,Kentucky,10,9,0,0.0
2021-01-29,Kentucky,13,9,0,0.0
2021-01-30,Kentucky,4,4,0,0.0
2021-01-31,Kentucky,8,6,0,0.0
2020-11-01,Louisiana,11,10,0,0.0
2020-11-02,Louisiana,8,8,0,0.0
2020-11-03,Louisiana,22,18,0,0.0
2020-11-04,Louisiana,7,7,0,0.0
2020-11-05,Louisiana,9,8,0,0.0
2020-11-06,Louisiana,10,8,0,0.0
2020-11-07,Louisiana,12,9,0,0.0
2020-11-08,Louisiana,6,6,0,0.0
2020-11-09,Louisiana,13,12,0,0.0
2020-11-10,Louisiana,16,15,1,62.0
2020-11-11,Louisiana,9,9,1,28.0
2020-11-12,Louisiana,6,6,0,0.0
2020-11-13,Louisiana,7,6,0,0.0
2020-11-14,Louisiana,7,7,0,0.0
2020-11-15,Louisiana,8,7,0,0.0
2020-11-16,Louisiana,10,8,0,0.0
2020-11-17,Louisiana,10,10,0,0.0
2020-11-18,Louisiana,9,8,0,0.0
2020-11-19,Louisiana,8,8,0,0.0
2020-11-20,Louisiana,20,18,0,0.0
2020-11-21,Louisiana,6,6,0,0.0
2020-11-22,Louisiana,5,4,0,0.0
2020-11-23,Louisiana,11,9,0,0.0
2020-11-24,Louisiana,10,8,0,0.0
2020-11-25,Louisiana,16,12,0,0.0
2020-11-26,Louisiana,12,11,0,0.0
2020-11-27,Louisiana,6,6,0,0.0
2020-11-28,Louisiana,14,13,1,0.0
2020-11-29,Louisiana,11,9,0,0.0
2020-11-30,Louisiana,19,14,0,0.0
2020-12-01,Louisiana,19,12,0,0.0
2020-12-02,Louisiana,10,9,0,0.0
2020-12-03,Louisiana,13,9,0,0.0
2020-12-04,Louisiana,10,10,0,0.0
2020-12-05,Louisiana,13,12,0,0.0
2020-12-06,Louisiana,3,3,0,0.0
2020-12-07,Louisiana,11,10,0,0.0
2020-12-08,Louisiana,19,19,0,0.0
2020-12-09,Louisiana,20,18,0,0.0
2020-12-10,Louisiana,19,18,0,0.0
2020-12-11,Louisiana,18,17,1,10.0
2020-12-12,Louisiana,11,10,0,0.0
2020-12-13,Louisiana,23,22,0,0.0
2020-12-14,Louisiana,17,14,1,92.0
2020-12-15,Louisiana,16,11,1,88.0
2020-12-16,Louisiana,18,16,0,0.0
2020-12-17,Louisiana,11,11,0,0.0
2020-12-18,Louisiana,9,8,0,0.0
2020-12-19,Louisiana,13,12,0,0.0
2020-12-20,Louisiana,12,12,1,0.0
2020-12-21,Louisiana,13,10,1,26.0
2020-12-22,Louisiana,11,9,0,0.0
2020-12-23,Louisiana,7,7,0,0.0
2020-12-24,Louisiana,6,6,0,0.0
2020-12-25,Louisiana,13,12,0,0.0
2020-12-26,Louisiana,11,10,0,0.0
2020-12-27,Louisiana,10,10,0,0.0
2020-12-28,Louisiana,13,13,0,0.0
2020-12-29,Louisiana,6,6,0,0.0
2020-12-30,Louisiana,9,9,0,0.0
2020-12-31,Louisiana,18,16,0,0.0
2021-01-01,Louisiana,4,4,0,0.0
2021-01-02,Louisiana,7,5,0,0.0
2021-01-03,Louisiana,8,8,0,0.0
2021-01-04,Louisiana,6,4,0,0.0
2021-01-05,Louisiana,9,8,0,0.0
2021-01-06,Louisiana,20,19,0,0.0
2021-01-07,Louisiana,10,10,0,0.0
2021-01-08,Louisiana,15,15,1,33.0
2021-01-09,Louisiana,9,8,0,0.0
2021-01-10,Louisiana,12,12,1,12.0
2021-01-11,Louisiana,12,10,0,0.0
2021-01-12,Louisiana,15,12,0,0.0
2021-01-13,Louisiana,9,9,0,0.0
2021-01-14,Louisiana,18,17,0,0.0
2021-01-15,Louisiana,10,7,0,0.0
2021-01-16,Louisiana,8,8,0,0.0
2021-01-17,Louisiana,7,7,0,0.0
2021-01-18,Louisiana,14,12,0,0.0
2021-01-19,Louisiana,12,10,1,24.0
2021-01-20,Louisiana,14,12,0,0.0
2021-01-21,Louisiana,18,12,0,0.0
2021-01-22,Louisiana,13,13,0,0.0
2021-01-23,Louisiana,7,7,0,0.0
2021-01-24,Louisiana,7,7,1,24.0
2021-01-25,Louisiana,15,14,0,0.0
2021-01-26,Louisiana,17,16,0,0.0
2021-01-27,Louisiana,15,14,0,0.0
2021-01-28,Louisiana,22,20,1,0.0
2021-01-29,Louisiana,16,14,0,0.0
2021-01-30,Louisiana,13,12,0,0.0
2021-01-31,Louisiana,8,7,0,0.0
2020-11-01,Maine,3,3,0,0.0
2020-11-02,Maine,9,7,0,0.0
2020-11-03,Maine,5,4,0,0.0
2020-11-04,Maine,7,7,0,0.0
2020-11-05,Maine,4,3,0,0.0
2020-11-06,Maine,2,2,0,0.0
2020-11-07,Maine,4,4,0,0.0
2020-11-08,Maine,6,5,0,0.0
2020-11-09,Maine,7,6,0,0.0
2020-11-10,Maine,6,6,0,0.0
2020-11-11,Maine,5,2,0,0.0
2020-11-12,Maine,7,5,0,0.0
2020-11-13,Maine,6,6,0,0.0
2020-11-14,Maine,1,1,0,0.0
2020-11-15,Maine,1,1,0,0.0
2020-11-16,Maine,11,8,0,0.0
2020-11-17,Maine,8,6,0,0.0
2020-11-18,Maine,8,7,0,0.0
2020-11-19,Maine,6,5,0,0.0
2020-11-20,Maine,3,3,0,0.0
2020-11-21,Maine,4,4,0,0.0
2020-11-22,Maine,3,2,0,0.0
2020-11-23,Maine,5,4,0,0.0
2020-11-24,Maine,9,8,0,0.0
2020-11-25,Maine,9,7,0,0.0
2020-11-26,Maine,10,7,0,0.0
2020-11-27,Maine,6,6,0,0.0
2020-11-28,Maine,10,9,1,12.0
2020-11-29,Maine,5,5,0,0.0
2020-11-30,Maine,10,8,0,0.0
2020-12-01,Maine,3,3,1,99.0
2020-12-02,Maine,4,4,0,0.0
2020-12-03,Maine,4,4,0,0.0
2020-12-04,Maine,1,1,0,0.0
2020-12-05,Maine,11,8,0,0.0
2020-12-06,Maine,5,4,0,0.0
2020-12-07,Maine,11,11,0,0.0
2020-12-08,Maine,9,9,0,0.0
2020-12-09,Maine,18,15,1,18.0
2020-12-10,Maine,8,7,0,0.0
2020-12-11,Maine,8,6,1,16.0
2020-12-12,Maine,4,4,0,0.0
2020-12-13,Maine,4,4,0,0.0
2020-12-14,Maine,9,8,0,0.0
2020-12-15,Maine,7,7,0,0.0
2020-12-16,Maine,5,5,0,0.0
2020-12-17,Maine,12,10,6,140.0
2020-12-18,Maine,5,5,3,79.0
2020-12-19,Maine,3,3,0,0.0
2020-12-20,Maine,5,5,0,0.0
2020-12-21,Maine,4,4,0,0.0
2020-12-22,Maine,1,1,0,0.0
2020-12-23,Maine,2,2,0,0.0
2020-12-24,Maine,1,1,0,0.0
2020-12-25,Maine,3,3,0,0.0
2020-12-26,Maine,3,3,0,0.0
2020-12-28,Maine,2,2,0,0.0
2020-12-29,Maine,5,5,0,0.0
2020-12-30,Maine,5,5,0,0.0
2020-12-31,Maine,5,5,0,0.0
2021-01-01,Maine,4,4,0,0.0
2021-01-02,Maine,2,2,0,0.0
2021-01-03,Maine,3,3,0,0.0
2021-01-04,Maine,11,10,0,0.0
2021-01-05,Maine,6,5,0,0.0
2021-01-06,Maine,10,10,0,0.0
2021-01-07,Maine,10,10,0,0.0
2021-01-08,Maine,9,8,0,0.0
2021-01-09,Maine,3,3,0,0.0
2021-01-10,Maine,3,3,0,0.0
2021-01-11,Maine,8,8,0,0.0
2021-01-12,Maine,5,4,0,0.0
2021-01-13,Maine,9,7,0,0.0
2021-01-14,Maine,2,2,0,0.0
2021-01-15,Maine,2,2,0,0.0
2021-01-16,Maine,8,7,0,0.0
2021-01-17,Maine,4,4,0,0.0
2021-01-18,Maine,3,3,0,0.0
2021-01-19,Maine,5,4,0,0.0
2021-01-20,Maine,9,7,0,0.0
2021-01-21,Maine,5,4,0,0.0
2021-01-22,Maine,10,8,0,0.0
2021-01-23,Maine,3,3,0,0.0
2021-01-24,Maine,3,3,0,0.0
2021-01-25,Maine,7,6,0,0.0
2021-01-26,Maine,1,1,0,0.0
2021-01-27,Maine,5,5,0,0.0
2021-01-28,Maine,3,3,0,0.0
2021-01-29,Maine,7,6,0,0.0
2021-01-30,Maine,11,8,0,0.0
2021-01-31,Maine,7,6,0,0.0
2020-11-01,Maryland,16,16,0,0.0
2020-11-02,Maryland,34,26,0,0.0
2020-11-03,Maryland,26,23,0,0.0
2020-11-04,Maryland,35,31,0,0.0
2020-11-05,Maryland,32,25,1,265.0
2020-11-06,Maryland,23,20,1,55.0
2020-11-07,Maryland,14,13,0,0.0
2020-11-08,Maryland,10,8,0,0.0
2020-11-09,Maryland,21,16,0,0.0
2020-11-10,Maryland,24,19,1,53.0
2020-11-11,Maryland,16,16,0,0.0
2020-11-12,Maryland,29,22,0,0.0
2020-11-13,Maryland,23,21,1,15.0
2020-11-14,Maryland,16,12,0,0.0
2020-11-15,Maryland,17,15,0,0.0
2020-11-16,Maryland,21,19,0,0.0
2020-11-17,Maryland,38,34,0,0.0
2020-11-18,Maryland,26,21,0,0.0
2020-11-19,Maryland,30,26,0,0.0
2020-11-20,Maryland,30,26,0,0.0
2020-11-21,Maryland,18,16,0,0.0
2020-11-22,Maryland,11,11,0,0.0
2020-11-23,Maryland,27,26,2,56.0
2020-11-24,Maryland,28,28,0,0.0
2020-11-25,Maryland,26,24,0,0.0
2020-11-26,Maryland,21,19,1,52.0
2020-11-27,Maryland,20,18,1,30.0
2020-11-28,Maryland,26,16,0,0.0
2020-11-29,Maryland,24,23,0,0.0
2020-11-30,Maryland,17,15,0,0.0
2020-12-01,Maryland,22,18,0,0.0
2020-12-02,Maryland,28,22,1,14.0
2020-12-03,Maryland,30,23,0,0.0
2020-12-04,Maryland,25,23,0,0.0
2020-12-05,Maryland,25,20,1,163.0
2020-12-06,Maryland,20,18,1,20.0
2020-12-07,Maryland,45,37,0,0.0
2020-12-08,Maryland,46,39,0,0.0
2020-12-09,Maryland,46,41,2,127.0
2020-12-10,Maryland,49,42,2,80.0
2020-12-11,Maryland,40,38,1,0.0
2020-12-12,Maryland,23,23,1,18.0
2020-12-13,Maryland,30,27,1,129.0
2020-12-14,Maryland,26,23,1,96.0
2020-12-15,Maryland,30,23,2,81.0
2020-12-16,Maryland,24,21,0,0.0
2020-12-17,Maryland,40,34,0,0.0
2020-12-18,Maryland,29,24,0,0.0
2020-12-19,Maryland,15,14,0,0.0
2020-12-20,Maryland,17,16,0,0.0
2020-12-21,Maryland,24,21,0,0.0
2020-12-22,Maryland,23,20,0,0.0
2020-12-23,Maryland,27,18,0,0.0
2020-12-24,Maryland,23,21,0,0.0
2020-12-25,Maryland,23,21,0,0.0
2020-12-26,Maryland,16,14,0,0.0
2020-12-27,Maryland,21,21,0,0.0
2020-12-28,Maryland,18,17,1,19.0
2020-12-29,Maryland,21,20,1,98.0
2020-12-30,Maryland,20,18,0,0.0
2020-12-31,Maryland,14,12,0,0.0
2021-01-01,Maryland,16,14,0,0.0
2021-01-02,Maryland,18,18,0,0.0
2021-01-03,Maryland,19,16,0,0.0
2021-01-04,Maryland,13,13,0,0.0
2021-01-05,Maryland,24,19,0,0.0
2021-01-06,Maryland,32,29,0,0.0
2021-01-07,Maryland,31,22,0,0.0
2021-01-08,Maryland,33,26,2,6.0
2021-01-09,Maryland,21,16,0,0.0
2021-01-10,Maryland,14,11,0,0.0
2021-01-11,Maryland,42,37,0,0.0
2021-01-12,Maryland,33,30,1,0.0
2021-01-13,Maryland,28,28,0,0.0
2021-01-14,Maryland,25,23,0,0.0
2021-01-15,Maryland,30,25,0,0.0
2021-01-16,Maryland,22,21,2,147.0
2021-01-17,Maryland,18,16,0,0.0
2021-01-18,Maryland,27,22,0,0.0
2021-01-19,Maryland,35,30,1,93.0
2021-01-20,Maryland,37,33,1,36.0
2021-01-21,Maryland,20,16,0,0.0
2021-01-22,Maryland,26,23,0,0.0
2021-01-23,Maryland,21,20,0,0.0
2021-01-24,Maryland,15,15,1,22.0
2021-01-25,Maryland,20,17,1,22.0
2021-01-26,Maryland,28,22,0,0.0
2021-01-27,Maryland,37,33,0,0.0
2021-01-28,Maryland,39,35,0,0.0
2021-01-29,Maryland,23,19,0,0.0
2021-01-30,Maryland,32,25,0,0.0
2021-01-31,Maryland,22,18,0,0.0
2020-11-01,Massachusetts,37,33,1,13.0
2020-11-02,Massachusetts,69,55,0,0.0
2020-11-03,Massachusetts,98,88,2,133.0
2020-11-04,Massachusetts,67,54,3,198.0
2020-11-05,Massachusetts,64,52,0,0.0
2020-11-06,Massachusetts,60,52,2,188.0
2020-11-07,Massachusetts,44,41,3,622.0
2020-11-08,Massachusetts,46,41,0,0.0
2020-11-09,Massachusetts,82,69,2,143.0
2020-11-10,Massachusetts,64,50,1,31.0
2020-11-11,Massachusetts,73,64,0,0.0
2020-11-12,Massachusetts,71,58,1,38.0
2020-11-13,Massachusetts,62,51,0,0.0
2020-11-14,Massachusetts,36,31,0,0.0
2020-11-15,Massachusetts,49,41,2,46.0
2020-11-16,Massachusetts,46,40,2,59.0
2020-11-17,Massachusetts,66,57,2,240.0
2020-11-18,Massachusetts,69,58,3,161.0
2020-11-19,Massachusetts,79,63,1,73.0
2020-11-20,Massachusetts,67,63,2,110.0
2020-11-21,Massachusetts,64,57,2,52.0
2020-11-22,Massachusetts,38,34,2,58.0
2020-11-23,Massachusetts,75,65,4,948.0
2020-11-24,Massachusetts,79,69,3,148.0
2020-11-25,Massachusetts,86,70,0,0.0
2020-11-26,Massachusetts,87,71,0,0.0
2020-11-27,Massachusetts,81,71,0,0.0
2020-11-28,Massachusetts,63,57,2,248.0
2020-11-29,Massachusetts,68,60,0,0.0
2020-11-30,Massachusetts,69,60,1,44.0
2020-12-01,Massachusetts,75,68,2,80.0
2020-12-02,Massachusetts,92,75,4,229.0
2020-12-03,Massachusetts,93,76,2,27.0
2020-12-04,Massachusetts,81,70,1,7.0
2020-12-05,Massachusetts,56,46,0,0.0
2020-12-06,Massachusetts,61,49,0,0.0
2020-12-07,Massachusetts,98,83,0,0.0
2020-12-08,Massachusetts,122,113,0,0.0
2020-12-09,Massachusetts,92,83,1,166.0
2020-12-10,Massachusetts,101,88,1,74.0
2020-12-11,Massachusetts,92,84,3,189.0
2020-12-12,Massachusetts,66,60,3,163.0
2020-12-13,Massachusetts,65,60,0,0.0
2020-12-14,Massachusetts,99,92,2,97.0
2020-12-15,Massachusetts,98,87,3,59.0
2020-12-16,Massachusetts,107,91,5,434.0
2020-12-17,Massachusetts,84,71,1,37.0
2020-12-18,Massachusetts,74,65,1,80.0
2020-12-19,Massachusetts,61,51,0,0.0
2020-12-20,Massachusetts,60,55,1,45.0
2020-12-21,Massachusetts,64,58,2,96.0
2020-12-22,Massachusetts,55,51,0,0.0
2020-12-23,Massachusetts,56,54,1,48.0
2020-12-24,Massachusetts,42,39,0,0.0
2020-12-25,Massachusetts,49,44,0,0.0
2020-12-26,Massachusetts,38,36,0,0.0
2020-12-27,Massachusetts,43,40,1,14.0
2020-12-28,Massachusetts,46,45,0,0.0
2020-12-29,Massachusetts,46,42,1,14.0
2020-12-30,Massachusetts,53,49,1,35.0
2020-12-31,Massachusetts,64,55,0,0.0
2021-01-01,Massachusetts,40,38,0,0.0
2021-01-02,Massachusetts,49,47,1,42.0
2021-01-03,Massachusetts,50,44,0,0.0
2021-01-04,Massachusetts,58,52,0,0.0
2021-01-05,Massachusetts,88,80,1,81.0
2021-01-06,Massachusetts,90,86,0,0.0
2021-01-07,Massachusetts,66,62,1,0.0
2021-01-08,Massachusetts,84,75,0,0.0
2021-01-09,Massachusetts,60,50,0,0.0
2021-01-10,Massachusetts,44,42,0,0.0
2021-01-11,Massachusetts,66,60,0,0.0
2021-01-12,Massachusetts,96,82,3,81.0
2021-01-13,Massachusetts,94,88,0,0.0
2021-01-14,Massachusetts,85,79,0,0.0
2021-01-15,Massachusetts,83,68,1,80.0
2021-01-16,Massachusetts,50,46,1,0.0
2021-01-17,Massachusetts,52,47,0,0.0
2021-01-18,Massachusetts,57,52,0,0.0
2021-01-19,Massachusetts,73,66,0,0.0
2021-01-20,Massachusetts,75,67,1,18.0
2021-01-21,Massachusetts,86,77,1,91.0
2021-01-22,Massachusetts,68,63,1,39.0
2021-01-23,Massachusetts,52,43,3,170.0
2021-01-24,Massachusetts,34,34,0,0.0
2021-01-25,Massachusetts,58,52,1,32.0
2021-01-26,Massachusetts,87,73,2,108.0
2021-01-27,Massachusetts,77,70,0,0.0
2021-01-28,Massachusetts,64,60,2,4.0
2021-01-29,Massachusetts,66,62,0,0.0
2021-01-30,Massachusetts,44,39,0,0.0
2021-01-31,Massachusetts,48,43,0,0.0
2020-11-01,Michigan,19,19,0,0.0
2020-11-02,Michigan,36,32,0,0.0
2020-11-03,Michigan,71,59,2,353.0
2020-11-04,Michigan,47,42,0,0.0
2020-11-05,Michigan,36,26,0,0.0
2020-11-06,Michigan,49,35,0,0.0
2020-11-07,Michigan,23,21,0,0.0
2020-11-08,Michigan,22,21,0,0.0
2020-11-09,Michigan,31,25,1,40.0
2020-11-10,Michigan,31,28,0,0.0
2020-11-11,Michigan,44,36,2,150.0
2020-11-12,Michigan,41,36,0,0.0
2020-11-13,Michigan,45,38,0,0.0
2020-11-14,Michigan,20,19,2,168.0
2020-11-15,Michigan,18,14,0,0.0
2020-11-16,Michigan,37,33,1,54.0
2020-11-17,Michigan,49,44,1,20.0
2020-11-18,Michigan,49,44,1,26.0
2020-11-19,Michigan,60,52,0,0.0
2020-11-20,Michigan,39,37,1,0.0
2020-11-21,Michigan,25,21,2,78.0
2020-11-22,Michigan,33,30,2,352.0
2020-11-23,Michigan,57,50,2,194.0
2020-11-24,Michigan,48,42,0,0.0
2020-11-25,Michigan,47,43,0,0.0
2020-11-26,Michigan,48,41,0,0.0
2020-11-27,Michigan,50,36,0,0.0
2020-11-28,Michigan,37,32,0,0.0
2020-11-29,Michigan,30,25,1,13.0
2020-11-30,Michigan,53,48,3,235.0
2020-12-01,Michigan,38,32,1,94.0
2020-12-02,Michigan,59,54,1,26.0
2020-12-03,Michigan,57,50,2,34.0
2020-12-04,Michigan,47,41,1,63.0
2020-12-05,Michigan,38,30,1,141.0
2020-12-06,Michigan,35,33,1,39.0
2020-12-07,Michigan,33,28,0,0.0
2020-12-08,Michigan,79,70,1,77.0
2020-12-09,Michigan,63,52,1,66.0
2020-12-10,Michigan,66,59,3,124.0
2020-12-11,Michigan,60,56,1,56.0
2020-12-12,Michigan,43,39,1,0.0
2020-12-13,Michigan,54,51,0,0.0
2020-12-14,Michigan,64,58,9,841.0
2020-12-15,Michigan,73,57,0,0.0
2020-12-16,Michigan,66,54,3,383.0
2020-12-17,Michigan,62,57,0,0.0
2020-12-18,Michigan,47,44,0,0.0
2020-12-19,Michigan,40,38,0,0.0
2020-12-20,Michigan,33,28,1,314.0
2020-12-21,Michigan,52,45,0,0.0
2020-12-22,Michigan,47,38,0,0.0
2020-12-23,Michigan,42,38,1,49.0
2020-12-24,Michigan,22,22,0,0.0
2020-12-25,Michigan,34,29,0,0.0
2020-12-26,Michigan,23,23,0,0.0
2020-12-27,Michigan,29,26,0,0.0
2020-12-28,Michigan,29,26,1,30.0
2020-12-29,Michigan,33,31,0,0.0
2020-12-30,Michigan,25,23,0,0.0
2020-12-31,Michigan,26,25,0,0.0
2021-01-01,Michigan,17,17,0,0.0
2021-01-02,Michigan,24,21,0,0.0
2021-01-03,Michigan,29,25,0,0.0
2021-01-04,Michigan,44,35,0,0.0
2021-01-05,Michigan,36,35,0,0.0
2021-01-06,Michigan,65,62,0,0.0
2021-01-07,Michigan,39,36,1,68.0
2021-01-08,Michigan,35,33,0,0.0
2021-01-09,Michigan,51,47,0,0.0
2021-01-10,Michigan,25,23,0,0.0
2021-01-11,Michigan,40,38,1,60.0
2021-01-12,Michigan,50,44,1,72.0
2021-01-13,Michigan,58,52,1,55.0
2021-01-14,Michigan,54,46,0,0.0
2021-01-15,Michigan,32,29,0,0.0
2021-01-16,Michigan,33,28,0,0.0
2021-01-17,Michigan,32,27,0,0.0
2021-01-18,Michigan,41,32,0,0.0
2021-01-19,Michigan,54,44,0,0.0
2021-01-20,Michigan,31,27,0,0.0
2021-01-21,Michigan,42,40,0,0.0
2021-01-22,Michigan,44,38,1,96.0
2021-01-23,Michigan,32,29,0,0.0
2021-01-24,Michigan,43,36,0,0.0
2021-01-25,Michigan,47,42,0,0.0
2021-01-26,Michigan,39,36,0,0.0
2021-01-27,Michigan,46,40,0,0.0
2021-01-28,Michigan,50,46,0,0.0
2021-01-29,Michigan,42,39,0,0.0
2021-01-30,Michigan,29,23,1,16.0
2021-01-31,Michigan,37,31,0,0.0
2020-11-01,Minnesota,8,8,0,0.0
2020-11-02,Minnesota,18,17,0,0.0
2020-11-03,Minnesota,24,23,0,0.0
2020-11-04,Minnesota,29,24,0,0.0
2020-11-05,Minnesota,24,19,0,0.0
2020-11-06,Minnesota,19,17,1,128.0
2020-11-07,Minnesota,10,10,0,0.0
2020-11-08,Minnesota,10,9,0,0.0
2020-11-09,Minnesota,18,15,0,0.0
2020-11-10,Minnesota,21,20,0,0.0
2020-11-11,Minnesota,18,14,0,0.0
2020-11-12,Minnesota,16,15,1,151.0
2020-11-13,Minnesota,12,11,0,0.0
2020-11-14,Minnesota,12,10,0,0.0
2020-11-15,Minnesota,15,15,0,0.0
2020-11-16,Minnesota,16,13,0,0.0
2020-11-17,Minnesota,25,22,1,90.0
2020-11-18,Minnesota,21,20,0,0.0
2020-11-19,Minnesota,27,25,0,0.0
2020-11-20,Minnesota,23,19,0,0.0
2020-11-21,Minnesota,14,11,0,0.0
2020-11-22,Minnesota,8,7,0,0.0
2020-11-23,Minnesota,8,8,0,0.0
2020-11-24,Minnesota,24,21,0,0.0
2020-11-25,Minnesota,21,20,0,0.0
2020-11-26,Minnesota,24,20,0,0.0
2020-11-27,Minnesota,19,15,0,0.0
2020-11-28,Minnesota,17,14,0,0.0
2020-11-29,Minnesota,17,17,0,0.0
2020-11-30,Minnesota,26,21,1,104.0
2020-12-01,Minnesota,22,21,0,0.0
2020-12-02,Minnesota,12,12,0,0.0
2020-12-03,Minnesota,34,30,1,20.0
2020-12-04,Minnesota,13,13,0,0.0
2020-12-05,Minnesota,10,10,0,0.0
2020-12-06,Minnesota,24,16,1,155.0
2020-12-07,Minnesota,23,22,1,0.0
2020-12-08,Minnesota,35,31,0,0.0
2020-12-09,Minnesota,31,29,1,55.0
2020-12-10,Minnesota,28,25,0,0.0
2020-12-11,Minnesota,35,27,0,0.0
2020-12-12,Minnesota,19,18,2,133.0
2020-12-13,Minnesota,13,13,1,147.0
2020-12-14,Minnesota,30,26,0,0.0
2020-12-15,Minnesota,17,15,0,0.0
2020-12-16,Minnesota,25,25,1,184.0
2020-12-17,Minnesota,38,31,1,14.0
2020-12-18,Minnesota,17,15,1,71.0
2020-12-19,Minnesota,22,20,1,86.0
2020-12-20,Minnesota,15,15,0,0.0
2020-12-21,Minnesota,20,18,0,0.0
2020-12-22,Minnesota,23,21,1,48.0
2020-12-23,Minnesota,18,18,0,0.0
2020-12-24,Minnesota,16,15,0,0.0
2020-12-25,Minnesota,14,12,0,0.0
2020-12-26,Minnesota,16,15,0,0.0
2020-12-27,Minnesota,15,13,0,0.0
2020-12-28,Minnesota,14,12,0,0.0
2020-12-29,Minnesota,18,18,0,0.0
2020-12-30,Minnesota,25,24,0,0.0
2020-12-31,Minnesota,8,8,0,0.0
2021-01-01,Minnesota,10,10,0,0.0
2021-01-02,Minnesota,11,11,0,0.0
2021-01-03,Minnesota,10,10,0,0.0
2021-01-04,Minnesota,16,15,0,0.0
2021-01-05,Minnesota,22,20,0,0.0
2021-01-06,Minnesota,22,20,0,0.0
2021-01-07,Minnesota,22,22,1,276.0
2021-01-08,Minnesota,19,16,1,72.0
2021-01-09,Minnesota,16,13,0,0.0
2021-01-10,Minnesota,14,14,0,0.0
2021-01-11,Minnesota,23,22,0,0.0
2021-01-12,Minnesota,32,27,0,0.0
2021-01-13,Minnesota,15,14,0,0.0
2021-01-14,Minnesota,14,13,0,0.0
2021-01-15,Minnesota,21,18,0,0.0
2021-01-16,Minnesota,19,18,0,0.0
2021-01-17,Minnesota,18,17,0,0.0
2021-01-18,Minnesota,16,16,0,0.0
2021-01-19,Minnesota,20,19,0,0.0
2021-01-20,Minnesota,31,25,0,0.0
2021-01-21,Minnesota,23,23,0,0.0
2021-01-22,Minnesota,17,15,0,0.0
2021-01-23,Minnesota,11,11,0,0.0
2021-01-24,Minnesota,13,13,0,0.0
2021-01-25,Minnesota,19,18,0,0.0
2021-01-26,Minnesota,27,26,2,0.0
2021-01-27,Minnesota,20,17,0,0.0
2021-01-28,Minnesota,23,22,0,0.0
2021-01-29,Minnesota,20,16,0,0.0
2021-01-30,Minnesota,17,16,0,0.0
2021-01-31,Minnesota,9,8,0,0.0
2020-11-01,Mississippi,1,1,0,0.0
2020-11-02,Mississippi,7,7,0,0.0
2020-11-03,Mississippi,8,7,0,0.0
2020-11-04,Mississippi,8,8,0,0.0
2020-11-05,Mississippi,5,5,0,0.0
2020-11-06,Mississippi,6,5,1,43.0
2020-11-08,Mississippi,4,3,0,0.0
2020-11-09,Mississippi,9,9,0,0.0
2020-11-10,Mississippi,7,7,0,0.0
2020-11-11,Mississippi,12,11,1,7.0
2020-11-12,Mississippi,4,4,0,0.0
2020-11-13,Mississippi,6,4,0,0.0
2020-11-14,Mississippi,5,5,0,0.0
2020-11-15,Mississippi,5,4,0,0.0
2020-11-16,Mississippi,9,7,1,406.0
2020-11-17,Mississippi,11,10,1,126.0
2020-11-18,Mississippi,18,14,0,0.0
2020-11-19,Mississippi,9,7,0,0.0
2020-11-20,Mississippi,13,11,0,0.0
2020-11-21,Mississippi,3,3,0,0.0
2020-11-22,Mississippi,7,7,0,0.0
2020-11-23,Mississippi,11,10,0,0.0
2020-11-24,Mississippi,10,9,0,0.0
2020-11-25,Mississippi,9,7,0,0.0
2020-11-26,Mississippi,7,7,0,0.0
2020-11-27,Mississippi,8,8,0,0.0
2020-11-28,Mississippi,10,8,0,0.0
2020-11-29,Mississippi,5,4,0,0.0
2020-11-30,Mississippi,9,6,2,135.0
2020-12-01,Mississippi,15,13,0,0.0
2020-12-02,Mississippi,16,13,0,0.0
2020-12-03,Mississippi,14,11,0,0.0
2020-12-04,Mississippi,6,6,0,0.0
2020-12-05,Mississippi,14,11,1,17.0
2020-12-06,Mississippi,12,10,1,38.0
2020-12-07,Mississippi,12,10,0,0.0
2020-12-08,Mississippi,21,18,1,166.0
2020-12-09,Mississippi,20,19,1,185.0
2020-12-10,Mississippi,9,8,0,0.0
2020-12-11,Mississippi,9,8,1,45.0
2020-12-12,Mississippi,6,6,0,0.0
2020-12-13,Mississippi,6,6,0,0.0
2020-12-14,Mississippi,10,6,1,40.0
2020-12-15,Mississippi,15,12,0,0.0
2020-12-16,Mississippi,7,7,0,0.0
2020-12-17,Mississippi,14,14,0,0.0
2020-12-18,Mississippi,15,13,0,0.0
2020-12-19,Mississippi,3,3,0,0.0
2020-12-20,Mississippi,6,6,1,60.0
2020-12-21,Mississippi,16,15,0,0.0
2020-12-22,Mississippi,9,8,0,0.0
2020-12-23,Mississippi,6,6,0,0.0
2020-12-24,Mississippi,2,2,0,0.0
2020-12-25,Mississippi,1,1,0,0.0
2020-12-26,Mississippi,5,5,0,0.0
2020-12-27,Mississippi,7,7,0,0.0
2020-12-28,Mississippi,5,5,0,0.0
2020-12-29,Mississippi,8,7,0,0.0
2020-12-30,Mississippi,4,4,0,0.0
2020-12-31,Mississippi,3,3,0,0.0
2021-01-01,Mississippi,3,2,0,0.0
2021-01-02,Mississippi,3,2,0,0.0
2021-01-03,Mississippi,8,7,0,0.0
2021-01-04,Mississippi,5,5,0,0.0
2021-01-05,Mississippi,7,6,1,24.0
2021-01-06,Mississippi,11,11,0,0.0
2021-01-07,Mississippi,6,6,0,0.0
2021-01-08,Mississippi,7,7,0,0.0
2021-01-09,Mississippi,9,9,0,0.0
2021-01-10,Mississippi,7,3,0,0.0
2021-01-11,Mississippi,6,5,0,0.0
2021-01-12,Mississippi,4,4,0,0.0
2021-01-13,Mississippi,8,8,0,0.0
2021-01-14,Mississippi,9,8,0,0.0
2021-01-15,Mississippi,9,9,0,0.0
2021-01-16,Mississippi,11,9,0,0.0
2021-01-17,Mississippi,7,7,0,0.0
2021-01-18,Mississippi,11,9,0,0.0
2021-01-19,Mississippi,7,6,0,0.0
2021-01-20,Mississippi,7,7,0,0.0
2021-01-21,Mississippi,13,10,0,0.0
2021-01-22,Mississippi,7,5,0,0.0
2021-01-23,Mississippi,5,5,0,0.0
2021-01-24,Mississippi,4,4,0,0.0
2021-01-25,Mississippi,7,7,0,0.0
2021-01-26,Mississippi,5,4,0,0.0
2021-01-27,Mississippi,7,7,0,0.0
2021-01-28,Mississippi,7,4,0,0.0
2021-01-29,Mississippi,12,11,0,0.0
2021-01-30,Mississippi,4,4,1,0.0
2021-01-31,Mississippi,8,6,0,0.0
2020-11-01,Missouri,11,11,0,0.0
2020-11-02,Missouri,21,15,0,0.0
2020-11-03,Missouri,21,19,0,0.0
2020-11-04,Missouri,28,25,0,0.0
2020-11-05,Missouri,14,12,0,0.0
2020-11-06,Missouri,29,20,0,0.0
2020-11-07,Missouri,8,7,0,0.0
2020-11-08,Missouri,14,11,2,155.0
2020-11-09,Missouri,24,20,0,0.0
2020-11-10,Missouri,17,14,0,0.0
2020-11-11,Missouri,17,13,0,0.0
2020-11-12,Missouri,27,21,0,0.0
2020-11-13,Missouri,20,17,1,42.0
2020-11-14,Missouri,12,10,1,63.0
2020-11-15,Missouri,9,9,0,0.0
2020-11-16,Missouri,24,20,0,0.0
2020-11-17,Missouri,40,28,0,0.0
2020-11-18,Missouri,24,18,0,0.0
2020-11-19,Missouri,32,24,0,0.0
2020-11-20,Missouri,33,29,0,0.0
2020-11-21,Missouri,22,17,0,0.0
2020-11-22,Missouri,15,13,0,0.0
2020-11-23,Missouri,20,16,0,0.0
2020-11-24,Missouri,30,25,1,16.0
2020-11-25,Missouri,30,25,2,0.0
2020-11-26,Missouri,24,21,0,0.0
2020-11-27,Missouri,18,17,0,0.0
2020-11-28,Missouri,26,19,0,0.0
2020-11-29,Missouri,10,10,0,0.0
2020-11-30,Missouri,27,22,1,220.0
2020-12-01,Missouri,30,26,0,0.0
2020-12-02,Missouri,25,24,1,91.0
2020-12-03,Missouri,25,21,2,102.0
2020-12-04,Missouri,28,26,0,0.0
2020-12-05,Missouri,19,19,0,0.0
2020-12-06,Missouri,14,14,0,0.0
2020-12-07,Missouri,36,32,1,22.0
2020-12-08,Missouri,45,40,0,0.0
2020-12-09,Missouri,46,36,1,14.0
2020-12-10,Missouri,32,28,0,0.0
2020-12-11,Missouri,36,32,0,0.0
2020-12-12,Missouri,24,21,1,99.0
2020-12-13,Missouri,22,22,2,21.0
2020-12-14,Missouri,32,30,0,0.0
2020-12-15,Missouri,38,34,0,0.0
2020-12-16,Missouri,31,27,0,0.0
2020-12-17,Missouri,32,30,2,252.0
2020-12-18,Missouri,27,25,0,0.0
2020-12-19,Missouri,19,18,0,0.0
2020-12-20,Missouri,14,14,0,0.0
2020-12-21,Missouri,24,20,0,0.0
2020-12-22,Missouri,26,26,0,0.0
2020-12-23,Missouri,21,18,0,0.0
2020-12-24,Missouri,20,18,0,0.0
2020-12-25,Missouri,13,13,0,0.0
2020-12-26,Missouri,14,13,0,0.0
2020-12-27,Missouri,12,12,0,0.0
2020-12-28,Missouri,22,21,0,0.0
2020-12-29,Missouri,20,17,0,0.0
2020-12-30,Missouri,15,14,0,0.0
2020-12-31,Missouri,18,16,0,0.0
2021-01-01,Missouri,19,19,0,0.0
2021-01-02,Missouri,18,18,0,0.0
2021-01-03,Missouri,12,11,0,0.0
2021-01-04,Missouri,16,15,0,0.0
2021-01-05,Missouri,36,31,0,0.0
2021-01-06,Missouri,28,28,0,0.0
2021-01-07,Missouri,31,26,1,93.0
2021-01-08,Missouri,25,21,0,0.0
2021-01-09,Missouri,17,17,0,0.0
2021-01-10,Missouri,23,21,0,0.0
2021-01-11,Missouri,18,16,0,0.0
2021-01-12,Missouri,29,25,0,0.0
2021-01-13,Missouri,22,21,0,0.0
2021-01-14,Missouri,26,22,0,0.0
2021-01-15,Missouri,34,27,0,0.0
2021-01-16,Missouri,14,12,0,0.0
2021-01-17,Missouri,16,14,0,0.0
2021-01-18,Missouri,22,20,0,0.0
2021-01-19,Missouri,33,29,0,0.0
2021-01-20,Missouri,16,14,0,0.0
2021-01-21,Missouri,32,28,1,103.0
2021-01-22,Missouri,25,21,0,0.0
2021-01-23,Missouri,28,25,1,30.0
2021-01-24,Missouri,14,13,1,44.0
2021-01-25,Missouri,22,19,0,0.0
2021-01-26,Missouri,17,17,0,0.0
2021-01-27,Missouri,23,22,0,0.0
2021-01-28,Missouri,18,13,0,0.0
2021-01-29,Missouri,16,15,0,0.0
2021-01-30,Missouri,14,14,1,0.0
2021-01-31,Missouri,19,16,0,0.0
2020-11-01,Montana,5,4,0,0.0
2020-11-02,Montana,3,2,1,24.0
2020-11-03,Montana,5,5,0,0.0
2020-11-04,Montana,6,5,0,0.0
2020-11-05,Montana,2,2,0,0.0
2020-11-06,Montana,6,4,0,0.0
2020-11-07,Montana,1,1,0,0.0
2020-11-10,Montana,6,5,0,0.0
2020-11-11,Montana,5,5,0,0.0
2020-11-12,Montana,5,4,0,0.0
2020-11-13,Montana,2,2,0,0.0
2020-11-14,Montana,1,1,0,0.0
2020-11-15,Montana,3,3,0,0.0
2020-11-16,Montana,3,3,0,0.0
2020-11-17,Montana,4,3,0,0.0
2020-11-18,Montana,3,3,0,0.0
2020-11-19,Montana,5,4,0,0.0
2020-11-20,Montana,2,1,0,0.0
2020-11-21,Montana,3,3,0,0.0
2020-11-23,Montana,1,1,0,0.0
2020-11-24,Montana,7,6,0,0.0
2020-11-25,Montana,4,2,0,0.0
2020-11-26,Montana,3,3,0,0.0
2020-11-27,Montana,2,2,0,0.0
2020-11-28,Montana,1,1,0,0.0
2020-11-29,Montana,1,1,0,0.0
2020-11-30,Montana,5,4,1,39.0
2020-12-01,Montana,5,4,0,0.0
2020-12-02,Montana,6,5,0,0.0
2020-12-03,Montana,3,3,0,0.0
2020-12-04,Montana,3,3,0,0.0
2020-12-05,Montana,5,5,0,0.0
2020-12-06,Montana,2,2,0,0.0
2020-12-07,Montana,3,3,0,0.0
2020-12-08,Montana,4,4,2,78.0
2020-12-09,Montana,3,3,0,0.0
2020-12-10,Montana,4,4,0,0.0
2020-12-11,Montana,3,3,0,0.0
2020-12-12,Montana,2,1,0,0.0
2020-12-13,Montana,2,2,0,0.0
2020-12-14,Montana,3,3,0,0.0
2020-12-15,Montana,10,6,0,0.0
2020-12-16,Montana,5,4,0,0.0
2020-12-17,Montana,5,4,0,0.0
2020-12-18,Montana,5,4,0,0.0
2020-12-19,Montana,3,3,0,0.0
2020-12-20,Montana,5,3,0,0.0
2020-12-21,Montana,3,2,0,0.0
2020-12-22,Montana,3,3,0,0.0
2020-12-23,Montana,7,7,0,0.0
2020-12-24,Montana,3,3,0,0.0
2020-12-25,Montana,1,1,0,0.0
2020-12-26,Montana,2,2,0,0.0
2020-12-27,Montana,2,2,0,0.0
2020-12-28,Montana,5,4,0,0.0
2020-12-29,Montana,2,1,0,0.0
2020-12-30,Montana,2,2,0,0.0
2020-12-31,Montana,1,1,0,0.0
2021-01-01,Montana,2,1,0,0.0
2021-01-03,Montana,1,1,0,0.0
2021-01-04,Montana,5,4,0,0.0
2021-01-05,Montana,6,4,1,13.0
2021-01-06,Montana,7,5,0,0.0
2021-01-07,Montana,3,3,0,0.0
2021-01-08,Montana,3,3,0,0.0
2021-01-09,Montana,1,1,0,0.0
2021-01-10,Montana,3,3,0,0.0
2021-01-11,Montana,3,3,0,0.0
2021-01-12,Montana,8,5,0,0.0
2021-01-13,Montana,2,2,0,0.0
2021-01-14,Montana,3,3,0,0.0
2021-01-15,Montana,6,6,0,0.0
2021-01-16,Montana,2,2,0,0.0
2021-01-17,Montana,4,4,0,0.0
2021-01-18,Montana,5,4,0,0.0
2021-01-19,Montana,2,2,0,0.0
2021-01-20,Montana,3,3,0,0.0
2021-01-21,Montana,4,4,0,0.0
2021-01-22,Montana,2,2,0,0.0
2021-01-23,Montana,1,1,0,0.0
2021-01-24,Montana,1,1,0,0.0
2021-01-25,Montana,4,4,0,0.0
2021-01-26,Montana,5,2,0,0.0
2021-01-27,Montana,2,2,0,0.0
2021-01-28,Montana,2,2,0,0.0
2021-01-29,Montana,2,2,0,0.0
2021-01-31,Montana,4,4,0,0.0
2020-11-01,Nebraska,7,5,0,0.0
2020-11-02,Nebraska,11,8,0,0.0
2020-11-03,Nebraska,20,18,1,111.0
2020-11-04,Nebraska,16,11,1,37.0
2020-11-05,Nebraska,11,7,0,0.0
2020-11-06,Nebraska,15,9,0,0.0
2020-11-07,Nebraska,7,7,0,0.0
2020-11-08,Nebraska,4,4,1,56.0
2020-11-09,Nebraska,12,10,0,0.0
2020-11-10,Nebraska,13,10,0,0.0
2020-11-11,Nebraska,7,7,0,0.0
2020-11-12,Nebraska,12,9,1,132.0
2020-11-13,Nebraska,6,5,1,54.0
2020-11-14,Nebraska,3,3,0,0.0
2020-11-15,Nebraska,2,2,0,0.0
2020-11-16,Nebraska,5,5,0,0.0
2020-11-17,Nebraska,10,8,1,154.0
2020-11-18,Nebraska,16,14,1,10.0
2020-11-19,Nebraska,10,9,0,0.0
2020-11-20,Nebraska,11,9,0,0.0
2020-11-21,Nebraska,2,2,0,0.0
2020-11-22,Nebraska,13,10,0,0.0
2020-11-23,Nebraska,12,10,0,0.0
2020-11-24,Nebraska,15,12,0,0.0
2020-11-25,Nebraska,8,8,0,0.0
2020-11-26,Nebraska,13,12,0,0.0
2020-11-27,Nebraska,8,8,2,192.0
2020-11-28,Nebraska,6,6,0,0.0
2020-11-29,Nebraska,11,7,0,0.0
2020-11-30,Nebraska,11,9,0,0.0
2020-12-01,Nebraska,10,9,0,0.0
2020-12-02,Nebraska,19,16,0,0.0
2020-12-03,Nebraska,11,7,0,0.0
2020-12-04,Nebraska,18,14,0,0.0
2020-12-05,Nebraska,6,6,0,0.0
2020-12-06,Nebraska,8,8,0,0.0
2020-12-07,Nebraska,15,13,0,0.0
2020-12-08,Nebraska,18,14,0,0.0
2020-12-09,Nebraska,14,13,0,0.0
2020-12-10,Nebraska,13,12,0,0.0
2020-12-11,Nebraska,15,13,0,0.0
2020-12-12,Nebraska,13,13,1,90.0
2020-12-13,Nebraska,13,12,0,0.0
2020-12-14,Nebraska,9,8,3,298.0
2020-12-15,Nebraska,14,14,0,0.0
2020-12-16,Nebraska,13,12,0,0.0
2020-12-17,Nebraska,25,19,0,0.0
2020-12-18,Nebraska,11,10,0,0.0
2020-12-19,Nebraska,10,8,0,0.0
2020-12-20,Nebraska,10,6,0,0.0
2020-12-21,Nebraska,10,9,1,41.0
2020-12-22,Nebraska,5,5,0,0.0
2020-12-23,Nebraska,7,7,0,0.0
2020-12-24,Nebraska,3,3,0,0.0
2020-12-25,Nebraska,9,9,1,14.0
2020-12-26,Nebraska,6,6,0,0.0
2020-12-27,Nebraska,11,10,0,0.0
2020-12-28,Nebraska,8,7,0,0.0
2020-12-29,Nebraska,3,3,0,0.0
2020-12-30,Nebraska,7,7,0,0.0
2020-12-31,Nebraska,2,2,0,0.0
2021-01-01,Nebraska,4,4,0,0.0
2021-01-02,Nebraska,2,2,0,0.0
2021-01-03,Nebraska,4,4,0,0.0
2021-01-04,Nebraska,5,5,0,0.0
2021-01-05,Nebraska,8,6,0,0.0
2021-01-06,Nebraska,15,15,0,0.0
2021-01-07,Nebraska,12,11,0,0.0
2021-01-08,Nebraska,11,11,0,0.0
2021-01-09,Nebraska,6,6,0,0.0
2021-01-10,Nebraska,9,8,0,0.0
2021-01-11,Nebraska,8,7,0,0.0
2021-01-12,Nebraska,9,7,0,0.0
2021-01-13,Nebraska,15,14,1,68.0
2021-01-14,Nebraska,12,9,0,0.0
2021-01-15,Nebraska,12,11,0,0.0
2021-01-16,Nebraska,7,5,0,0.0
2021-01-17,Nebraska,10,10,0,0.0
2021-01-18,Nebraska,6,6,0,0.0
2021-01-19,Nebraska,15,15,1,26.0
2021-01-20,Nebraska,25,18,0,0.0
2021-01-21,Nebraska,13,13,0,0.0
2021-01-22,Nebraska,9,8,1,24.0
2021-01-23,Nebraska,8,8,0,0.0
2021-01-24,Nebraska,13,10,0,0.0
2021-01-25,Nebraska,12,12,2,39.0
2021-01-26,Nebraska,7,6,0,0.0
2021-01-27,Nebraska,16,14,1,0.0
2021-01-28,Nebraska,15,12,1,0.0
2021-01-29,Nebraska,4,4,0,0.0
2021-01-30,Nebraska,7,6,0,0.0
2021-01-31,Nebraska,7,6,1,0.0
2020-11-01,Nevada,10,10,0,0.0
2020-11-02,Nevada,8,8,0,0.0
2020-11-03,Nevada,8,8,0,0.0
2020-11-04,Nevada,15,14,0,0.0
2020-11-05,Nevada,7,6,0,0.0
2020-11-06,Nevada,7,7,0,0.0
2020-11-07,Nevada,3,3,0,0.0
2020-11-08,Nevada,6,6,0,0.0
2020-11-09,Nevada,10,9,0,0.0
2020-11-10,Nevada,11,9,0,0.0
2020-11-11,Nevada,16,11,0,0.0
2020-11-12,Nevada,8,8,0,0.0
2020-11-13,Nevada,11,9,1,100.0
2020-11-14,Nevada,8,8,0,0.0
2020-11-15,Nevada,6,5,0,0.0
2020-11-16,Nevada,9,9,0,0.0
2020-11-17,Nevada,11,6,0,0.0
2020-11-18,Nevada,6,6,0,0.0
2020-11-19,Nevada,16,12,0,0.0
2020-11-20,Nevada,14,10,0,0.0
2020-11-21,Nevada,3,3,0,0.0
2020-11-22,Nevada,10,8,0,0.0
2020-11-23,Nevada,16,15,0,0.0
2020-11-24,Nevada,17,13,1,28.0
2020-11-25,Nevada,12,12,1,10.0
2020-11-26,Nevada,14,12,0,0.0
2020-11-27,Nevada,17,13,0,0.0
2020-11-28,Nevada,13,10,0,0.0
2020-11-29,Nevada,9,8,0,0.0
2020-11-30,Nevada,10,10,0,0.0
2020-12-01,Nevada,7,7,0,0.0
2020-12-02,Nevada,12,9,0,0.0
2020-12-03,Nevada,14,14,1,76.0
2020-12-04,Nevada,8,7,0,0.0
2020-12-05,Nevada,15,13,0,0.0
2020-12-06,Nevada,5,5,0,0.0
2020-12-07,Nevada,12,12,0,0.0
2020-12-08,Nevada,26,24,0,0.0
2020-12-09,Nevada,23,18,0,0.0
2020-12-10,Nevada,17,16,0,0.0
2020-12-11,Nevada,18,17,0,0.0
2020-12-12,Nevada,5,5,0,0.0
2020-12-13,Nevada,11,10,1,16.0
2020-12-14,Nevada,8,7,0,0.0
2020-12-15,Nevada,18,15,0,0.0
2020-12-16,Nevada,16,14,3,204.0
2020-12-17,Nevada,17,15,0,0.0
2020-12-18,Nevada,14,13,0,0.0
2020-12-19,Nevada,11,10,0,0.0
2020-12-20,Nevada,9,9,0,0.0
2020-12-21,Nevada,7,7,0,0.0
2020-12-22,Nevada,18,16,0,0.0
2020-12-23,Nevada,12,11,0,0.0
2020-12-24,Nevada,3,3,0,0.0
2020-12-25,Nevada,4,3,0,0.0
2020-12-26,Nevada,7,7,0,0.0
2020-12-27,Nevada,12,11,1,67.0
2020-12-28,Nevada,1,1,0,0.0
2020-12-29,Nevada,9,9,0,0.0
2020-12-30,Nevada,8,7,0,0.0
2020-12-31,Nevada,5,5,0,0.0
2021-01-01,Nevada,7,5,0,0.0
2021-01-02,Nevada,4,4,0,0.0
2021-01-03,Nevada,13,10,0,0.0
2021-01-04,Nevada,9,9,0,0.0
2021-01-05,Nevada,15,15,0,0.0
2021-01-06,Nevada,18,17,0,0.0
2021-01-07,Nevada,18,16,0,0.0
2021-01-08,Nevada,12,11,0,0.0
2021-01-09,Nevada,7,6,0,0.0
2021-01-10,Nevada,5,3,0,0.0
2021-01-11,Nevada,11,11,0,0.0
2021-01-12,Nevada,7,7,1,75.0
2021-01-13,Nevada,9,8,2,188.0
2021-01-14,Nevada,13,10,0,0.0
2021-01-15,Nevada,11,9,0,0.0
2021-01-16,Nevada,14,13,0,0.0
2021-01-17,Nevada,7,7,0,0.0
2021-01-18,Nevada,8,7,0,0.0
2021-01-19,Nevada,13,10,1,132.0
2021-01-20,Nevada,19,17,0,0.0
2021-01-21,Nevada,12,11,0,0.0
2021-01-22,Nevada,11,10,0,0.0
2021-01-23,Nevada,6,5,0,0.0
2021-01-24,Nevada,7,6,0,0.0
2021-01-25,Nevada,12,10,1,16.0
2021-01-26,Nevada,13,13,1,10.0
2021-01-27,Nevada,21,19,0,0.0
2021-01-28,Nevada,14,14,0,0.0
2021-01-29,Nevada,8,7,0,0.0
2021-01-30,Nevada,10,9,0,0.0
2021-01-31,Nevada,11,10,0,0.0
2020-11-01,New Hampshire,3,2,0,0.0
2020-11-02,New Hampshire,3,3,0,0.0
2020-11-03,New Hampshire,4,4,0,0.0
2020-11-04,New Hampshire,5,5,0,0.0
2020-11-05,New Hampshire,2,2,0,0.0
2020-11-07,New Hampshire,3,3,0,0.0
2020-11-08,New Hampshire,1,1,0,0.0
2020-11-09,New Hampshire,4,4,0,0.0
2020-11-10,New Hampshire,3,3,0,0.0
2020-11-11,New Hampshire,3,2,0,0.0
2020-11-12,New Hampshire,5,4,0,0.0
2020-11-13,New Hampshire,2,2,0,0.0
2020-11-14,New Hampshire,3,3,0,0.0
2020-11-15,New Hampshire,6,5,0,0.0
2020-11-16,New Hampshire,5,5,0,0.0
2020-11-17,New Hampshire,5,4,0,0.0
2020-11-18,New Hampshire,4,3,0,0.0
2020-11-19,New Hampshire,4,3,0,0.0
2020-11-20,New Hampshire,5,4,0,0.0
2020-11-21,New Hampshire,1,1,0,0.0
2020-11-22,New Hampshire,4,4,0,0.0
2020-11-23,New Hampshire,2,2,0,0.0
2020-11-24,New Hampshire,8,7,0,0.0
2020-11-25,New Hampshire,5,4,0,0.0
2020-11-26,New Hampshire,4,3,0,0.0
2020-11-27,New Hampshire,1,1,0,0.0
2020-11-28,New Hampshire,2,2,0,0.0
2020-11-29,New Hampshire,2,2,0,0.0
2020-11-30,New Hampshire,3,3,0,0.0
2020-12-01,New Hampshire,11,9,3,208.0
2020-12-02,New Hampshire,7,6,0,0.0
2020-12-03,New Hampshire,8,7,0,0.0
2020-12-04,New Hampshire,10,10,0,0.0
2020-12-05,New Hampshire,4,4,1,44.0
2020-12-06,New Hampshire,1,1,0,0.0
2020-12-07,New Hampshire,14,8,1,24.0
2020-12-08,New Hampshire,8,8,0,0.0
2020-12-09,New Hampshire,10,8,1,68.0
2020-12-10,New Hampshire,11,10,0,0.0
2020-12-11,New Hampshire,8,8,0,0.0
2020-12-12,New Hampshire,3,3,0,0.0
2020-12-13,New Hampshire,3,3,0,0.0
2020-12-14,New Hampshire,2,2,0,0.0
2020-12-15,New Hampshire,3,3,0,0.0
2020-12-16,New Hampshire,10,9,0,0.0
2020-12-17,New Hampshire,9,8,0,0.0
2020-12-18,New Hampshire,7,7,0,0.0
2020-12-19,New Hampshire,5,5,0,0.0
2020-12-20,New Hampshire,5,5,0,0.0
2020-12-21,New Hampshire,5,5,0,0.0
2020-12-22,New Hampshire,4,4,0,0.0
2020-12-23,New Hampshire,9,8,0,0.0
2020-12-24,New Hampshire,2,2,0,0.0
2020-12-25,New Hampshire,5,5,0,0.0
2020-12-26,New Hampshire,5,5,0,0.0
2020-12-27,New Hampshire,3,3,0,0.0
2020-12-28,New Hampshire,5,4,0,0.0
2020-12-29,New Hampshire,10,6,0,0.0
2020-12-30,New Hampshire,12,8,0,0.0
2020-12-31,New Hampshire,3,3,3,1424.0
2021-01-01,New Hampshire,7,6,0,0.0
2021-01-02,New Hampshire,7,7,0,0.0
2021-01-03,New Hampshire,4,3,0,0.0
2021-01-04,New Hampshire,3,3,0,0.0
2021-01-05,New Hampshire,8,7,0,0.0
2021-01-06,New Hampshire,10,7,0,0.0
2021-01-07,New Hampshire,7,6,0,0.0
2021-01-08,New Hampshire,7,7,0,0.0
2021-01-09,New Hampshire,4,4,0,0.0
2021-01-10,New Hampshire,4,4,0,0.0
2021-01-11,New Hampshire,5,5,0,0.0
2021-01-12,New Hampshire,6,6,0,0.0
2021-01-13,New Hampshire,6,6,0,0.0
2021-01-14,New Hampshire,7,5,0,0.0
2021-01-15,New Hampshire,7,7,0,0.0
2021-01-16,New Hampshire,2,2,0,0.0
2021-01-17,New Hampshire,2,2,0,0.0
2021-01-18,New Hampshire,3,3,0,0.0
2021-01-19,New Hampshire,3,1,0,0.0
2021-01-20,New Hampshire,3,2,0,0.0
2021-01-21,New Hampshire,3,3,0,0.0
2021-01-22,New Hampshire,7,5,0,0.0
2021-01-23,New Hampshire,7,3,0,0.0
2021-01-24,New Hampshire,6,4,0,0.0
2021-01-25,New Hampshire,2,2,0,0.0
2021-01-26,New Hampshire,4,3,1,165.0
2021-01-27,New Hampshire,7,6,0,0.0
2021-01-28,New Hampshire,10,8,0,0.0
2021-01-29,New Hampshire,6,5,0,0.0
2021-01-30,New Hampshire,9,9,0,0.0
2021-01-31,New Hampshire,2,2,0,0.0
2020-11-01,New Jersey,36,34,0,0.0
2020-11-02,New Jersey,57,46,1,58.0
2020-11-03,New Jersey,67,61,1,47.0
2020-11-04,New Jersey,62,53,0,0.0
2020-11-05,New Jersey,59,49,0,0.0
2020-11-06,New Jersey,46,38,0,0.0
2020-11-07,New Jersey,30,25,1,135.0
2020-11-08,New Jersey,29,28,1,50.0
2020-11-09,New Jersey,48,42,0,0.0
2020-11-10,New Jersey,42,37,0,0.0
2020-11-11,New Jersey,48,35,2,451.0
2020-11-12,New Jersey,47,40,1,16.0
2020-11-13,New Jersey,32,26,0,0.0
2020-11-14,New Jersey,38,33,0,0.0
2020-11-15,New Jersey,22,20,0,0.0
2020-11-16,New Jersey,45,43,0,0.0
2020-11-17,New Jersey,60,47,3,170.0
2020-11-18,New Jersey,39,35,0,0.0
2020-11-19,New Jersey,69,63,0,0.0
2020-11-20,New Jersey,71,57,4,854.0
2020-11-21,New Jersey,60,49,4,392.0
2020-11-22,New Jersey,41,34,0,0.0
2020-11-23,New Jersey,62,52,2,76.0
2020-11-24,New Jersey,67,51,1,0.0
2020-11-25,New Jersey,49,43,0,0.0
2020-11-26,New Jersey,62,50,1,806.0
2020-11-27,New Jersey,55,45,5,386.0
2020-11-28,New Jersey,42,39,2,454.0
2020-11-29,New Jersey,39,34,0,0.0
2020-11-30,New Jersey,61,52,2,122.0
2020-12-01,New Jersey,57,49,0,0.0
2020-12-02,New Jersey,54,48,1,587.0
2020-12-03,New Jersey,76,64,0,0.0
2020-12-04,New Jersey,40,39,0,0.0
2020-12-05,New Jersey,39,35,1,61.0
2020-12-06,New Jersey,32,31,0,0.0
2020-12-07,New Jersey,64,57,0,0.0
2020-12-08,New Jersey,91,82,3,62.0
2020-12-09,New Jersey,83,76,2,75.0
2020-12-10,New Jersey,62,57,1,117.0
2020-12-11,New Jersey,63,55,2,119.0
2020-12-12,New Jersey,71,66,1,13.0
2020-12-13,New Jersey,44,42,0,0.0
2020-12-14,New Jersey,56,47,1,13.0
2020-12-15,New Jersey,78,59,2,90.0
2020-12-16,New Jersey,67,58,2,630.0
2020-12-17,New Jersey,74,65,0,0.0
2020-12-18,New Jersey,77,66,1,30.0
2020-12-19,New Jersey,45,36,0,0.0
2020-12-20,New Jersey,43,40,0,0.0
2020-12-21,New Jersey,50,47,1,18.0
2020-12-22,New Jersey,42,38,1,36.0
2020-12-23,New Jersey,44,42,0,0.0
2020-12-24,New Jersey,41,39,0,0.0
2020-12-25,New Jersey,38,35,1,17.0
2020-12-26,New Jersey,41,40,0,0.0
2020-12-27,New Jersey,34,32,0,0.0
2020-12-28,New Jersey,40,40,0,0.0
2020-12-29,New Jersey,50,44,1,76.0
2020-12-30,New Jersey,33,27,0,0.0
2020-12-31,New Jersey,47,45,0,0.0
2021-01-01,New Jersey,33,32,0,0.0
2021-01-02,New Jersey,36,36,0,0.0
2021-01-03,New Jersey,26,25,0,0.0
2021-01-04,New Jersey,49,49,1,26.0
2021-01-05,New Jersey,69,60,0,0.0
2021-01-06,New Jersey,68,64,0,0.0
2021-01-07,New Jersey,74,61,0,0.0
2021-01-08,New Jersey,61,53,0,0.0
2021-01-09,New Jersey,47,43,0,0.0
2021-01-10,New Jersey,34,30,0,0.0
2021-01-11,New Jersey,56,47,0,0.0
2021-01-12,New Jersey,68,58,1,65.0
2021-01-13,New Jersey,71,60,1,21.0
2021-01-14,New Jersey,61,55,1,31.0
2021-01-15,New Jersey,36,35,1,47.0
2021-01-16,New Jersey,47,41,0,0.0
2021-01-17,New Jersey,39,33,0,0.0
2021-01-18,New Jersey,52,50,0,0.0
2021-01-19,New Jersey,47,43,2,110.0
2021-01-20,New Jersey,58,53,0,0.0
2021-01-21,New Jersey,79,71,0,0.0
2021-01-22,New Jersey,61,55,0,0.0
2021-01-23,New Jersey,37,35,0,0.0
2021-01-24,New Jersey,37,31,1,48.0
2021-01-25,New Jersey,44,38,0,0.0
2021-01-26,New Jersey,50,45,0,0.0
2021-01-27,New Jersey,58,53,1,29.0
2021-01-28,New Jersey,60,54,0,0.0
2021-01-29,New Jersey,47,41,0,0.0
2021-01-30,New Jersey,37,35,0,0.0
2021-01-31,New Jersey,40,31,0,0.0
2020-11-01,New Mexico,3,3,0,0.0
2020-11-02,New Mexico,5,5,0,0.0
2020-11-03,New Mexico,4,4,0,0.0
2020-11-04,New Mexico,2,2,0,0.0
2020-11-05,New Mexico,4,4,0,0.0
2020-11-06,New Mexico,4,2,0,0.0
2020-11-07,New Mexico,2,2,1,43.0
2020-11-08,New Mexico,3,3,0,0.0
2020-11-09,New Mexico,3,3,0,0.0
2020-11-10,New Mexico,3,2,0,0.0
2020-11-11,New Mexico,3,3,0,0.0
2020-11-12,New Mexico,2,2,0,0.0
2020-11-13,New Mexico,2,2,0,0.0
2020-11-14,New Mexico,5,5,0,0.0
2020-11-15,New Mexico,5,4,0,0.0
2020-11-16,New Mexico,2,2,0,0.0
2020-11-17,New Mexico,4,4,0,0.0
2020-11-18,New Mexico,4,4,0,0.0
2020-11-19,New Mexico,4,4,0,0.0
2020-11-20,New Mexico,5,3,0,0.0
2020-11-21,New Mexico,7,3,0,0.0
2020-11-22,New Mexico,4,4,0,0.0
2020-11-23,New Mexico,13,9,2,30.0
2020-11-24,New Mexico,9,7,0,0.0
2020-11-25,New Mexico,6,6,0,0.0
2020-11-26,New Mexico,7,6,0,0.0
2020-11-27,New Mexico,9,8,0,0.0
2020-11-28,New Mexico,4,4,1,99.0
2020-11-29,New Mexico,4,4,0,0.0
2020-11-30,New Mexico,5,5,0,0.0
2020-12-01,New Mexico,3,3,0,0.0
2020-12-02,New Mexico,8,6,0,0.0
2020-12-03,New Mexico,15,13,1,72.0
2020-12-04,New Mexico,6,5,0,0.0
2020-12-05,New Mexico,9,5,0,0.0
2020-12-06,New Mexico,9,9,0,0.0
2020-12-07,New Mexico,7,6,0,0.0
2020-12-08,New Mexico,11,11,0,0.0
2020-12-09,New Mexico,8,8,0,0.0
2020-12-10,New Mexico,8,7,2,116.0
2020-12-11,New Mexico,7,5,0,0.0
2020-12-12,New Mexico,7,6,0,0.0
2020-12-13,New Mexico,6,6,0,0.0
2020-12-14,New Mexico,7,7,0,0.0
2020-12-15,New Mexico,4,4,0,0.0
2020-12-16,New Mexico,12,11,1,13.0
2020-12-17,New Mexico,9,7,0,0.0
2020-12-18,New Mexico,4,4,0,0.0
2020-12-19,New Mexico,5,5,0,0.0
2020-12-20,New Mexico,5,5,0,0.0
2020-12-21,New Mexico,6,6,0,0.0
2020-12-22,New Mexico,3,3,0,0.0
2020-12-23,New Mexico,2,2,0,0.0
2020-12-24,New Mexico,5,4,0,0.0
2020-12-25,New Mexico,5,5,0,0.0
2020-12-26,New Mexico,3,3,0,0.0
2020-12-27,New Mexico,3,3,0,0.0
2020-12-28,New Mexico,3,3,0,0.0
2020-12-29,New Mexico,6,5,0,0.0
2020-12-30,New Mexico,1,1,0,0.0
2020-12-31,New Mexico,5,4,0,0.0
2021-01-01,New Mexico,5,4,0,0.0
2021-01-02,New Mexico,4,3,0,0.0
2021-01-03,New Mexico,2,2,0,0.0
2021-01-04,New Mexico,4,4,0,0.0
2021-01-05,New Mexico,4,4,0,0.0
2021-01-06,New Mexico,3,3,0,0.0
2021-01-07,New Mexico,8,7,0,0.0
2021-01-08,New Mexico,8,7,0,0.0
2021-01-09,New Mexico,3,3,0,0.0
2021-01-10,New Mexico,2,2,0,0.0
2021-01-11,New Mexico,1,1,0,0.0
2021-01-12,New Mexico,8,6,1,103.0
2021-01-13,New Mexico,8,8,0,0.0
2021-01-14,New Mexico,7,5,0,0.0
2021-01-15,New Mexico,9,7,0,0.0
2021-01-16,New Mexico,7,5,0,0.0
2021-01-17,New Mexico,2,2,0,0.0
2021-01-18,New Mexico,12,8,0,0.0
2021-01-19,New Mexico,7,7,0,0.0
2021-01-20,New Mexico,4,3,0,0.0
2021-01-21,New Mexico,12,8,1,105.0
2021-01-22,New Mexico,4,4,2,45.0
2021-01-23,New Mexico,4,4,0,0.0
2021-01-24,New Mexico,4,2,0,0.0
2021-01-25,New Mexico,12,9,0,0.0
2021-01-26,New Mexico,5,5,0,0.0
2021-01-27,New Mexico,9,8,0,0.0
2021-01-28,New Mexico,2,2,0,0.0
2021-01-29,New Mexico,4,4,0,0.0
2021-01-30,New Mexico,5,5,0,0.0
2021-01-31,New Mexico,4,3,0,0.0
2020-11-01,New York,97,83,0,0.0
2020-11-02,New York,124,116,0,0.0
2020-11-03,New York,147,131,2,110.0
2020-11-04,New York,130,109,0,0.0
2020-11-05,New York,98,82,1,145.0
2020-11-06,New York,105,85,2,43.0
2020-11-07,New York,62,56,2,89.0
2020-11-08,New York,51,49,1,30.0
2020-11-09,New York,101,82,0,0.0
2020-11-10,New York,127,108,3,243.0
2020-11-11,New York,111,102,0,0.0
2020-11-12,New York,102,88,2,76.0
2020-11-13,New York,92,80,2,79.0
2020-11-14,New York,60,56,1,133.0
2020-11-15,New York,68,62,0,0.0
2020-11-16,New York,98,82,2,51.0
2020-11-17,New York,123,105,4,203.0
2020-11-18,New York,124,106,1,46.0
2020-11-19,New York,126,105,0,0.0
2020-11-20,New York,104,90,4,214.0
2020-11-21,New York,94,85,0,0.0
2020-11-22,New York,78,67,2,32.0
2020-11-23,New York,126,112,4,92.0
2020-11-24,New York,131,116,5,303.0
2020-11-25,New York,145,122,4,235.0
2020-11-26,New York,104,97,1,33.0
2020-11-27,New York,145,130,5,574.0
2020-11-28,New York,82,81,2,197.0
2020-11-29,New York,101,95,2,64.0
2020-11-30,New York,136,112,7,352.0
2020-12-01,New York,146,128,2,58.0
2020-12-02,New York,134,115,3,155.0
2020-12-03,New York,158,136,0,0.0
2020-12-04,New York,147,126,4,64.0
2020-12-05,New York,105,95,2,48.0
2020-12-06,New York,83,73,1,54.0
2020-12-07,New York,162,142,1,56.0
2020-12-08,New York,220,196,3,217.0
2020-12-09,New York,208,182,4,204.0
2020-12-10,New York,162,143,5,24.0
2020-12-11,New York,157,143,5,353.0
2020-12-12,New York,119,111,2,43.0
2020-12-13,New York,105,97,0,0.0
2020-12-14,New York,140,130,3,143.0
2020-12-15,New York,192,165,6,314.0
2020-12-16,New York,138,122,3,127.0
2020-12-17,New York,159,141,7,284.0
2020-12-18,New York,164,138,4,221.0
2020-12-19,New York,121,110,0,0.0
2020-12-20,New York,104,92,0,0.0
2020-12-21,New York,125,104,2,71.0
2020-12-22,New York,146,129,0,0.0
2020-12-23,New York,119,109,1,6.0
2020-12-24,New York,86,75,0,0.0
2020-12-25,New York,71,62,0,0.0
2020-12-26,New York,73,68,0,0.0
2020-12-27,New York,88,77,1,18.0
2020-12-28,New York,100,95,1,0.0
2020-12-29,New York,99,90,0,0.0
2020-12-30,New York,114,101,0,0.0
2020-12-31,New York,73,67,0,0.0
2021-01-01,New York,77,74,1,77.0
2021-01-02,New York,86,84,2,99.0
2021-01-03,New York,59,57,0,0.0
2021-01-04,New York,120,104,0,0.0
2021-01-05,New York,141,130,3,103.0
2021-01-06,New York,194,179,1,31.0
2021-01-07,New York,154,139,0,0.0
2021-01-08,New York,142,119,2,49.0
2021-01-09,New York,106,92,0,0.0
2021-01-10,New York,92,86,2,162.0
2021-01-11,New York,128,121,0,0.0
2021-01-12,New York,142,123,2,99.0
2021-01-13,New York,131,115,3,153.0
2021-01-14,New York,151,132,2,27.0
2021-01-15,New York,124,109,1,30.0
2021-01-16,New York,110,97,0,0.0
2021-01-17,New York,82,73,0,0.0
2021-01-18,New York,102,87,2,161.0
2021-01-19,New York,129,116,3,100.0
2021-01-20,New York,154,134,1,12.0
2021-01-21,New York,167,143,2,27.0
2021-01-22,New York,107,101,1,13.0
2021-01-23,New York,96,81,1,16.0
2021-01-24,New York,93,81,1,94.0
2021-01-25,New York,142,130,0,0.0
2021-01-26,New York,120,105,0,0.0
2021-01-27,New York,132,108,1,0.0
2021-01-28,New York,131,115,2,0.0
2021-01-29,New York,136,122,1,0.0
2021-01-30,New York,82,76,0,0.0
2021-01-31,New York,67,63,1,0.0
2020-11-01,North Carolina,34,34,0,0.0
2020-11-02,North Carolina,28,25,0,0.0
2020-11-03,North Carolina,67,61,0,0.0
2020-11-04,North Carolina,55,47,0,0.0
2020-11-05,North Carolina,44,39,0,0.0
2020-11-06,North Carolina,30,23,1,50.0
2020-11-07,North Carolina,29,27,0,0.0
2020-11-08,North Carolina,28,21,1,115.0
2020-11-09,North Carolina,27,24,0,0.0
2020-11-10,North Carolina,40,35,0,0.0
2020-11-11,North Carolina,47,39,1,40.0
2020-11-12,North Carolina,30,26,2,214.0
2020-11-13,North Carolina,34,31,1,40.0
2020-11-14,North Carolina,23,22,0,0.0
2020-11-15,North Carolina,19,19,0,0.0
2020-11-16,North Carolina,34,29,0,0.0
2020-11-17,North Carolina,43,37,1,188.0
2020-11-18,North Carolina,54,46,1,144.0
2020-11-19,North Carolina,35,29,0,0.0
2020-11-20,North Carolina,38,35,0,0.0
2020-11-21,North Carolina,36,31,2,370.0
2020-11-22,North Carolina,27,24,0,0.0
2020-11-23,North Carolina,39,36,0,0.0
2020-11-24,North Carolina,59,50,4,484.0
2020-11-25,North Carolina,53,45,1,61.0
2020-11-26,North Carolina,54,45,1,25.0
2020-11-27,North Carolina,47,41,3,107.0
2020-11-28,North Carolina,32,30,0,0.0
2020-11-29,North Carolina,34,30,0,0.0
2020-11-30,North Carolina,64,50,3,151.0
2020-12-01,North Carolina,48,45,0,0.0
2020-12-02,North Carolina,61,53,1,0.0
2020-12-03,North Carolina,60,53,2,65.0
2020-12-04,North Carolina,47,44,3,216.0
2020-12-05,North Carolina,28,27,0,0.0
2020-12-06,North Carolina,38,33,0,0.0
2020-12-07,North Carolina,56,48,5,1069.0
2020-12-08,North Carolina,97,81,2,57.0
2020-12-09,North Carolina,72,64,0,0.0
2020-12-10,North Carolina,67,59,1,13.0
2020-12-11,North Carolina,61,57,2,226.0
2020-12-12,North Carolina,44,40,1,144.0
2020-12-13,North Carolina,36,29,0,0.0
2020-12-14,North Carolina,48,42,1,66.0
2020-12-15,North Carolina,58,54,4,153.0
2020-12-16,North Carolina,72,64,0,0.0
2020-12-17,North Carolina,45,43,2,39.0
2020-12-18,North Carolina,61,50,1,73.0
2020-12-19,North Carolina,42,37,1,48.0
2020-12-20,North Carolina,33,25,0,0.0
2020-12-21,North Carolina,40,38,1,84.0
2020-12-22,North Carolina,44,37,0,0.0
2020-12-23,North Carolina,48,43,0,0.0
2020-12-24,North Carolina,27,25,1,120.0
2020-12-25,North Carolina,34,33,0,0.0
2020-12-26,North Carolina,26,25,0,0.0
2020-12-27,North Carolina,30,27,0,0.0
2020-12-28,North Carolina,38,37,1,35.0
2020-12-29,North Carolina,39,38,0,0.0
2020-12-30,North Carolina,43,41,0,0.0
2020-12-31,North Carolina,28,26,0,0.0
2021-01-01,North Carolina,26,25,0,0.0
2021-01-02,North Carolina,24,23,0,0.0
2021-01-03,North Carolina,34,33,0,0.0
2021-01-04,North Carolina,52,48,1,101.0
2021-01-05,North Carolina,58,54,0,0.0
2021-01-06,North Carolina,59,57,1,23.0
2021-01-07,North Carolina,44,41,0,0.0
2021-01-08,North Carolina,40,33,0,0.0
2021-01-09,North Carolina,35,31,0,0.0
2021-01-10,North Carolina,31,29,0,0.0
2021-01-11,North Carolina,53,46,0,0.0
2021-01-12,North Carolina,51,48,1,46.0
2021-01-13,North Carolina,48,46,0,0.0
2021-01-14,North Carolina,45,42,0,0.0
2021-01-15,North Carolina,39,37,0,0.0
2021-01-16,North Carolina,33,32,0,0.0
2021-01-17,North Carolina,41,37,0,0.0
2021-01-18,North Carolina,46,33,0,0.0
2021-01-19,North Carolina,55,49,1,87.0
2021-01-20,North Carolina,53,43,2,25.0
2021-01-21,North Carolina,52,47,0,0.0
2021-01-22,North Carolina,41,35,0,0.0
2021-01-23,North Carolina,31,29,1,44.0
2021-01-24,North Carolina,36,31,2,68.0
2021-01-25,North Carolina,29,25,0,0.0
2021-01-26,North Carolina,33,32,0,0.0
2021-01-27,North Carolina,46,38,1,0.0
2021-01-28,North Carolina,52,45,2,19.0
2021-01-29,North Carolina,37,34,1,0.0
2021-01-30,North Carolina,31,30,1,0.0
2021-01-31,North Carolina,38,34,1,0.0
2020-11-01,North Dakota,2,2,0,0.0
2020-11-02,North Dakota,3,2,0,0.0
2020-11-03,North Dakota,3,3,0,0.0
2020-11-04,North Dakota,4,3,0,0.0
2020-11-05,North Dakota,5,3,0,0.0
2020-11-06,North Dakota,2,2,0,0.0
2020-11-07,North Dakota,1,1,0,0.0
2020-11-08,North Dakota,1,1,0,0.0
2020-11-09,North Dakota,1,1,0,0.0
2020-11-11,North Dakota,4,4,0,0.0
2020-11-12,North Dakota,1,1,0,0.0
2020-11-13,North Dakota,1,1,0,0.0
2020-11-14,North Dakota,1,1,0,0.0
2020-11-16,North Dakota,2,2,0,0.0
2020-11-17,North Dakota,5,4,0,0.0
2020-11-19,North Dakota,5,4,0,0.0
2020-11-20,North Dakota,4,3,0,0.0
2020-11-22,North Dakota,1,1,0,0.0
2020-11-23,North Dakota,1,1,0,0.0
2020-11-24,North Dakota,1,1,0,0.0
2020-11-26,North Dakota,2,2,0,0.0
2020-11-27,North Dakota,2,1,0,0.0
2020-11-28,North Dakota,5,4,0,0.0
2020-11-29,North Dakota,3,3,0,0.0
2020-11-30,North Dakota,5,4,0,0.0
2020-12-02,North Dakota,2,2,0,0.0
2020-12-03,North Dakota,2,1,0,0.0
2020-12-04,North Dakota,4,4,1,73.0
2020-12-05,North Dakota,5,3,0,0.0
2020-12-06,North Dakota,2,2,0,0.0
2020-12-07,North Dakota,2,1,0,0.0
2020-12-08,North Dakota,4,4,0,0.0
2020-12-09,North Dakota,2,1,0,0.0
2020-12-10,North Dakota,8,6,0,0.0
2020-12-11,North Dakota,9,9,0,0.0
2020-12-13,North Dakota,3,3,0,0.0
2020-12-14,North Dakota,3,3,0,0.0
2020-12-15,North Dakota,2,2,0,0.0
2020-12-16,North Dakota,5,5,1,46.0
2020-12-17,North Dakota,3,3,0,0.0
2020-12-18,North Dakota,5,5,0,0.0
2020-12-22,North Dakota,2,2,0,0.0
2020-12-23,North Dakota,2,2,0,0.0
2020-12-24,North Dakota,4,4,0,0.0
2020-12-26,North Dakota,1,1,0,0.0
2020-12-27,North Dakota,2,2,0,0.0
2020-12-29,North Dakota,4,3,0,0.0
2020-12-30,North Dakota,3,2,0,0.0
2020-12-31,North Dakota,2,2,0,0.0
2021-01-01,North Dakota,4,4,0,0.0
2021-01-02,North Dakota,1,1,0,0.0
2021-01-03,North Dakota,2,2,0,0.0
2021-01-04,North Dakota,1,1,0,0.0
2021-01-05,North Dakota,1,1,0,0.0
2021-01-06,North Dakota,2,2,0,0.0
2021-01-07,North Dakota,5,5,0,0.0
2021-01-08,North Dakota,2,2,0,0.0
2021-01-09,North Dakota,1,1,0,0.0
2021-01-10,North Dakota,3,3,0,0.0
2021-01-11,North Dakota,1,1,0,0.0
2021-01-13,North Dakota,2,2,1,46.0
2021-01-14,North Dakota,3,3,0,0.0
2021-01-15,North Dakota,2,2,0,0.0
2021-01-16,North Dakota,2,2,0,0.0
2021-01-17,North Dakota,3,2,0,0.0
2021-01-18,North Dakota,3,3,0,0.0
2021-01-19,North Dakota,2,1,0,0.0
2021-01-20,North Dakota,3,3,0,0.0
2021-01-21,North Dakota,3,2,0,0.0
2021-01-22,North Dakota,5,4,0,0.0
2021-01-23,North Dakota,5,2,0,0.0
2021-01-24,North Dakota,8,8,0,0.0
2021-01-25,North Dakota,4,4,0,0.0
2021-01-26,North Dakota,2,2,0,0.0
2021-01-27,North Dakota,5,4,0,0.0
2021-01-28,North Dakota,2,2,0,0.0
2021-01-29,North Dakota,2,2,0,0.0
2021-01-31,North Dakota,2,1,0,0.0
2020-11-01,Ohio,32,29,0,0.0
2020-11-02,Ohio,52,45,0,0.0
2020-11-03,Ohio,57,46,1,35.0
2020-11-04,Ohio,57,48,0,0.0
2020-11-05,Ohio,36,31,0,0.0
2020-11-06,Ohio,48,41,0,0.0
2020-11-07,Ohio,29,28,0,0.0
2020-11-08,Ohio,22,21,0,0.0
2020-11-09,Ohio,39,35,5,101.0
2020-11-10,Ohio,58,46,0,0.0
2020-11-11,Ohio,43,39,0,0.0
2020-11-12,Ohio,42,40,0,0.0
2020-11-13,Ohio,30,29,1,81.0
2020-11-14,Ohio,22,21,0,0.0
2020-11-15,Ohio,27,22,0,0.0
2020-11-16,Ohio,28,27,0,0.0
2020-11-17,Ohio,37,30,0,0.0
2020-11-18,Ohio,54,47,0,0.0
2020-11-19,Ohio,30,28,0,0.0
2020-11-20,Ohio,45,41,2,118.0
2020-11-21,Ohio,33,30,0,0.0
2020-11-22,Ohio,25,24,0,0.0
2020-11-23,Ohio,37,34,2,88.0
2020-11-24,Ohio,51,43,2,61.0
2020-11-25,Ohio,53,46,0,0.0
2020-11-26,Ohio,35,29,0,0.0
2020-11-27,Ohio,27,26,3,194.0
2020-11-28,Ohio,42,38,1,165.0
2020-11-29,Ohio,33,31,1,243.0
2020-11-30,Ohio,39,36,0,0.0
2020-12-01,Ohio,54,46,2,215.0
2020-12-02,Ohio,64,55,0,0.0
2020-12-03,Ohio,73,60,0,0.0
2020-12-04,Ohio,48,45,0,0.0
2020-12-05,Ohio,37,33,1,16.0
2020-12-06,Ohio,44,37,1,25.0
2020-12-07,Ohio,52,47,1,92.0
2020-12-08,Ohio,80,72,1,84.0
2020-12-09,Ohio,86,71,1,10.0
2020-12-10,Ohio,76,67,0,0.0
2020-12-11,Ohio,66,55,0,0.0
2020-12-12,Ohio,41,34,0,0.0
2020-12-13,Ohio,39,37,1,32.0
2020-12-14,Ohio,45,41,0,0.0
2020-12-15,Ohio,60,56,0,0.0
2020-12-16,Ohio,50,44,1,171.0
2020-12-17,Ohio,51,46,7,210.0
2020-12-18,Ohio,41,37,0,0.0
2020-12-19,Ohio,36,34,0,0.0
2020-12-20,Ohio,30,26,0,0.0
2020-12-21,Ohio,55,47,0,0.0
2020-12-22,Ohio,46,36,0,0.0
2020-12-23,Ohio,43,39,0,0.0
2020-12-24,Ohio,36,36,0,0.0
2020-12-25,Ohio,32,31,0,0.0
2020-12-26,Ohio,42,38,0,0.0
2020-12-27,Ohio,26,26,0,0.0
2020-12-28,Ohio,47,41,0,0.0
2020-12-29,Ohio,46,42,0,0.0
2020-12-30,Ohio,29,29,1,162.0
2020-12-31,Ohio,24,23,0,0.0
2021-01-01,Ohio,15,15,0,0.0
2021-01-02,Ohio,30,29,0,0.0
2021-01-03,Ohio,15,13,0,0.0
2021-01-04,Ohio,30,29,0,0.0
2021-01-05,Ohio,43,39,0,0.0
2021-01-06,Ohio,62,59,0,0.0
2021-01-07,Ohio,45,41,0,0.0
2021-01-08,Ohio,38,36,0,0.0
2021-01-09,Ohio,25,24,0,0.0
2021-01-10,Ohio,28,24,0,0.0
2021-01-11,Ohio,44,42,0,0.0
2021-01-12,Ohio,46,39,0,0.0
2021-01-13,Ohio,54,43,0,0.0
2021-01-14,Ohio,48,41,3,153.0
2021-01-15,Ohio,43,41,0,0.0
2021-01-16,Ohio,35,33,0,0.0
2021-01-17,Ohio,19,18,0,0.0
2021-01-18,Ohio,38,35,0,0.0
2021-01-19,Ohio,51,43,0,0.0
2021-01-20,Ohio,61,51,2,120.0
2021-01-21,Ohio,45,40,1,154.0
2021-01-22,Ohio,41,36,1,86.0
2021-01-23,Ohio,41,41,1,63.0
2021-01-24,Ohio,34,28,0,0.0
2021-01-25,Ohio,49,45,0,0.0
2021-01-26,Ohio,49,42,0,0.0
2021-01-27,Ohio,59,44,1,16.0
2021-01-28,Ohio,57,49,1,0.0
2021-01-29,Ohio,41,36,0,0.0
2021-01-30,Ohio,27,26,0,0.0
2021-01-31,Ohio,23,21,0,0.0
2020-11-01,Oklahoma,13,12,1,34.0
2020-11-02,Oklahoma,5,5,0,0.0
2020-11-03,Oklahoma,20,18,0,0.0
2020-11-04,Oklahoma,14,12,0,0.0
2020-11-05,Oklahoma,12,12,0,0.0
2020-11-06,Oklahoma,9,9,0,0.0
2020-11-07,Oklahoma,3,3,0,0.0
2020-11-08,Oklahoma,7,7,0,0.0
2020-11-09,Oklahoma,6,5,0,0.0
2020-11-10,Oklahoma,4,4,0,0.0
2020-11-11,Oklahoma,12,11,0,0.0
2020-11-12,Oklahoma,10,10,2,134.0
2020-11-13,Oklahoma,3,3,0,0.0
2020-11-14,Oklahoma,5,4,0,0.0
2020-11-15,Oklahoma,6,6,0,0.0
2020-11-16,Oklahoma,17,16,1,48.0
2020-11-17,Oklahoma,15,12,1,55.0
2020-11-18,Oklahoma,18,13,0,0.0
2020-11-19,Oklahoma,19,16,0,0.0
2020-11-20,Oklahoma,12,11,0,0.0
2020-11-21,Oklahoma,6,5,0,0.0
2020-11-22,Oklahoma,10,10,0,0.0
2020-11-23,Oklahoma,14,13,0,0.0
2020-11-24,Oklahoma,15,12,0,0.0
2020-11-25,Oklahoma,11,11,2,266.0
2020-11-26,Oklahoma,14,14,0,0.0
2020-11-27,Oklahoma,19,19,1,34.0
2020-11-28,Oklahoma,8,8,0,0.0
2020-11-29,Oklahoma,5,5,0,0.0
2020-11-30,Oklahoma,11,11,0,0.0
2020-12-01,Oklahoma,16,14,0,0.0
2020-12-02,Oklahoma,18,16,0,0.0
2020-12-03,Oklahoma,10,10,0,0.0
2020-12-04,Oklahoma,13,11,0,0.0
2020-12-05,Oklahoma,15,12,0,0.0
2020-12-06,Oklahoma,12,10,0,0.0
2020-12-07,Oklahoma,12,12,0,0.0
2020-12-08,Oklahoma,19,18,0,0.0
2020-12-09,Oklahoma,19,17,0,0.0
2020-12-10,Oklahoma,19,16,1,0.0
2020-12-11,Oklahoma,23,18,0,0.0
2020-12-12,Oklahoma,17,17,0,0.0
2020-12-13,Oklahoma,7,7,0,0.0
2020-12-14,Oklahoma,14,14,0,0.0
2020-12-15,Oklahoma,15,14,0,0.0
2020-12-16,Oklahoma,16,10,1,63.0
2020-12-17,Oklahoma,9,8,1,108.0
2020-12-18,Oklahoma,8,7,0,0.0
2020-12-19,Oklahoma,7,6,0,0.0
2020-12-20,Oklahoma,9,9,0,0.0
2020-12-21,Oklahoma,16,15,0,0.0
2020-12-22,Oklahoma,11,9,1,96.0
2020-12-23,Oklahoma,7,6,0,0.0
2020-12-24,Oklahoma,11,10,0,0.0
2020-12-25,Oklahoma,11,10,0,0.0
2020-12-26,Oklahoma,11,10,0,0.0
2020-12-27,Oklahoma,8,7,0,0.0
2020-12-28,Oklahoma,10,8,0,0.0
2020-12-29,Oklahoma,4,4,0,0.0
2020-12-30,Oklahoma,13,10,0,0.0
2020-12-31,Oklahoma,9,8,0,0.0
2021-01-01,Oklahoma,11,10,0,0.0
2021-01-02,Oklahoma,9,8,0,0.0
2021-01-03,Oklahoma,9,9,0,0.0
2021-01-04,Oklahoma,15,14,0,0.0
2021-01-05,Oklahoma,11,11,0,0.0
2021-01-06,Oklahoma,25,20,0,0.0
2021-01-07,Oklahoma,11,11,0,0.0
2021-01-08,Oklahoma,12,12,0,0.0
2021-01-09,Oklahoma,10,8,0,0.0
2021-01-10,Oklahoma,9,9,0,0.0
2021-01-11,Oklahoma,10,10,0,0.0
2021-01-12,Oklahoma,6,6,0,0.0
2021-01-13,Oklahoma,12,10,0,0.0
2021-01-14,Oklahoma,9,8,0,0.0
2021-01-15,Oklahoma,10,9,0,0.0
2021-01-16,Oklahoma,7,7,0,0.0
2021-01-17,Oklahoma,5,4,0,0.0
2021-01-18,Oklahoma,18,13,0,0.0
2021-01-19,Oklahoma,12,12,0,0.0
2021-01-20,Oklahoma,13,12,0,0.0
2021-01-21,Oklahoma,14,10,0,0.0
2021-01-22,Oklahoma,5,4,0,0.0
2021-01-23,Oklahoma,6,6,0,0.0
2021-01-24,Oklahoma,9,8,1,236.0
2021-01-25,Oklahoma,16,12,0,0.0
2021-01-26,Oklahoma,12,10,0,0.0
2021-01-27,Oklahoma,13,12,0,0.0
2021-01-28,Oklahoma,15,14,0,0.0
2021-01-29,Oklahoma,16,15,0,0.0
2021-01-30,Oklahoma,10,10,0,0.0
2021-01-31,Oklahoma,8,7,0,0.0
2020-11-01,Oregon,15,14,0,0.0
2020-11-02,Oregon,20,18,0,0.0
2020-11-03,Oregon,28,26,1,219.0
2020-11-04,Oregon,16,15,0,0.0
2020-11-05,Oregon,17,15,0,0.0
2020-11-06,Oregon,15,12,0,0.0
2020-11-07,Oregon,12,8,0,0.0
2020-11-08,Oregon,14,10,0,0.0
2020-11-09,Oregon,15,14,0,0.0
2020-11-10,Oregon,12,12,1,39.0
2020-11-11,Oregon,21,16,0,0.0
2020-11-12,Oregon,17,16,0,0.0
2020-11-13,Oregon,20,15,2,107.0
2020-11-14,Oregon,3,3,0,0.0
2020-11-15,Oregon,13,12,0,0.0
2020-11-16,Oregon,24,22,1,25.0
2020-11-17,Oregon,22,16,0,0.0
2020-11-18,Oregon,26,20,0,0.0
2020-11-19,Oregon,25,24,0,0.0
2020-11-20,Oregon,27,25,4,50.0
2020-11-21,Oregon,27,18,0,0.0
2020-11-22,Oregon,11,11,0,0.0
2020-11-23,Oregon,31,26,0,0.0
2020-11-24,Oregon,23,20,2,142.0
2020-11-25,Oregon,22,17,1,48.0
2020-11-26,Oregon,24,22,2,136.0
2020-11-27,Oregon,12,11,1,50.0
2020-11-28,Oregon,21,19,1,0.0
2020-11-29,Oregon,24,23,0,0.0
2020-11-30,Oregon,28,27,1,203.0
2020-12-01,Oregon,33,29,1,46.0
2020-12-02,Oregon,18,15,1,72.0
2020-12-03,Oregon,24,23,0,0.0
2020-12-04,Oregon,28,19,0,0.0
2020-12-05,Oregon,11,11,0,0.0
2020-12-06,Oregon,22,17,0,0.0
2020-12-07,Oregon,24,21,1,38.0
2020-12-08,Oregon,39,35,1,31.0
2020-12-09,Oregon,35,26,3,244.0
2020-12-10,Oregon,30,28,2,58.0
2020-12-11,Oregon,27,26,0,0.0
2020-12-12,Oregon,16,12,1,25.0
2020-12-13,Oregon,10,9,1,0.0
2020-12-14,Oregon,22,21,1,56.0
2020-12-15,Oregon,29,25,1,295.0
2020-12-16,Oregon,19,18,0,0.0
2020-12-17,Oregon,25,20,0,0.0
2020-12-18,Oregon,18,16,0,0.0
2020-12-19,Oregon,16,16,0,0.0
2020-12-20,Oregon,17,16,0,0.0
2020-12-21,Oregon,18,17,1,124.0
2020-12-22,Oregon,23,20,0,0.0
2020-12-23,Oregon,19,15,5,140.0
2020-12-24,Oregon,23,18,0,0.0
2020-12-25,Oregon,10,9,0,0.0
2020-12-26,Oregon,12,12,0,0.0
2020-12-27,Oregon,20,19,0,0.0
2020-12-28,Oregon,19,19,0,0.0
2020-12-29,Oregon,16,13,0,0.0
2020-12-30,Oregon,17,15,0,0.0
2020-12-31,Oregon,13,13,0,0.0
2021-01-01,Oregon,9,9,0,0.0
2021-01-02,Oregon,16,16,0,0.0
2021-01-03,Oregon,13,9,0,0.0
2021-01-04,Oregon,17,16,0,0.0
2021-01-05,Oregon,28,27,0,0.0
2021-01-06,Oregon,27,25,0,0.0
2021-01-07,Oregon,19,17,0,0.0
2021-01-08,Oregon,20,19,0,0.0
2021-01-09,Oregon,22,21,0,0.0
2021-01-10,Oregon,19,17,0,0.0
2021-01-11,Oregon,23,22,0,0.0
2021-01-12,Oregon,21,19,0,0.0
2021-01-13,Oregon,16,14,0,0.0
2021-01-14,Oregon,21,20,0,0.0
2021-01-15,Oregon,12,12,0,0.0
2021-01-16,Oregon,11,10,0,0.0
2021-01-17,Oregon,9,9,0,0.0
2021-01-18,Oregon,21,21,0,0.0
2021-01-19,Oregon,18,15,1,111.0
2021-01-20,Oregon,18,15,0,0.0
2021-01-21,Oregon,18,15,0,0.0
2021-01-22,Oregon,11,9,1,24.0
2021-01-23,Oregon,22,20,0,0.0
2021-01-24,Oregon,12,11,1,26.0
2021-01-25,Oregon,18,17,0,0.0
2021-01-26,Oregon,18,15,0,0.0
2021-01-27,Oregon,17,15,0,0.0
2021-01-28,Oregon,24,18,1,0.0
2021-01-29,Oregon,7,6,1,0.0
2021-01-30,Oregon,18,17,1,28.0
2021-01-31,Oregon,13,11,0,0.0
2020-11-01,Pennsylvania,45,38,0,0.0
2020-11-02,Pennsylvania,63,57,0,0.0
2020-11-03,Pennsylvania,68,59,1,56.0
2020-11-04,Pennsylvania,52,42,1,96.0
2020-11-05,Pennsylvania,56,47,1,18.0
2020-11-06,Pennsylvania,47,41,1,18.0
2020-11-07,Pennsylvania,29,26,0,0.0
2020-11-08,Pennsylvania,21,17,0,0.0
2020-11-09,Pennsylvania,50,47,0,0.0
2020-11-10,Pennsylvania,59,51,0,0.0
2020-11-11,Pennsylvania,59,52,1,22.0
2020-11-12,Pennsylvania,66,53,0,0.0
2020-11-13,Pennsylvania,49,39,0,0.0
2020-11-14,Pennsylvania,32,30,0,0.0
2020-11-15,Pennsylvania,36,32,0,0.0
2020-11-16,Pennsylvania,64,54,2,101.0
2020-11-17,Pennsylvania,62,46,9,357.0
2020-11-18,Pennsylvania,60,47,0,0.0
2020-11-19,Pennsylvania,44,39,0,0.0
2020-11-20,Pennsylvania,62,47,2,284.0
2020-11-21,Pennsylvania,34,28,0,0.0
2020-11-22,Pennsylvania,40,34,2,76.0
2020-11-23,Pennsylvania,41,35,3,128.0
2020-11-24,Pennsylvania,63,55,0,0.0
2020-11-25,Pennsylvania,57,51,0,0.0
2020-11-26,Pennsylvania,55,49,2,134.0
2020-11-27,Pennsylvania,61,48,0,0.0
2020-11-28,Pennsylvania,47,43,0,0.0
2020-11-29,Pennsylvania,36,34,0,0.0
2020-11-30,Pennsylvania,65,51,1,34.0
2020-12-01,Pennsylvania,69,57,0,0.0
2020-12-02,Pennsylvania,71,57,0,0.0
2020-12-03,Pennsylvania,59,51,0,0.0
2020-12-04,Pennsylvania,50,44,2,48.0
2020-12-05,Pennsylvania,53,48,5,120.0
2020-12-06,Pennsylvania,52,44,0,0.0
2020-12-07,Pennsylvania,80,68,0,0.0
2020-12-08,Pennsylvania,114,99,2,115.0
2020-12-09,Pennsylvania,91,77,2,151.0
2020-12-10,Pennsylvania,91,79,3,264.0
2020-12-11,Pennsylvania,82,75,3,151.0
2020-12-12,Pennsylvania,43,41,1,46.0
2020-12-13,Pennsylvania,50,44,0,0.0
2020-12-14,Pennsylvania,68,66,3,104.0
2020-12-15,Pennsylvania,75,69,0,0.0
2020-12-16,Pennsylvania,65,62,2,146.0
2020-12-17,Pennsylvania,51,46,0,0.0
2020-12-18,Pennsylvania,62,55,9,580.0
2020-12-19,Pennsylvania,33,31,0,0.0
2020-12-20,Pennsylvania,43,41,0,0.0
2020-12-21,Pennsylvania,49,48,2,28.0
2020-12-22,Pennsylvania,48,43,0,0.0
2020-12-23,Pennsylvania,29,28,1,443.0
2020-12-24,Pennsylvania,33,32,0,0.0
2020-12-25,Pennsylvania,30,27,0,0.0
2020-12-26,Pennsylvania,37,35,0,0.0
2020-12-27,Pennsylvania,36,32,0,0.0
2020-12-28,Pennsylvania,52,45,0,0.0
2020-12-29,Pennsylvania,44,39,0,0.0
2020-12-30,Pennsylvania,34,31,0,0.0
2020-12-31,Pennsylvania,36,33,0,0.0
2021-01-01,Pennsylvania,35,32,0,0.0
2021-01-02,Pennsylvania,34,33,1,0.0
2021-01-03,Pennsylvania,42,40,0,0.0
2021-01-04,Pennsylvania,47,42,1,92.0
2021-01-05,Pennsylvania,58,53,0,0.0
2021-01-06,Pennsylvania,73,65,0,0.0
2021-01-07,Pennsylvania,71,58,0,0.0
2021-01-08,Pennsylvania,65,56,3,162.0
2021-01-09,Pennsylvania,56,53,4,366.0
2021-01-10,Pennsylvania,41,37,0,0.0
2021-01-11,Pennsylvania,57,51,1,37.0
2021-01-12,Pennsylvania,67,58,0,0.0
2021-01-13,Pennsylvania,51,45,0,0.0
2021-01-14,Pennsylvania,57,53,0,0.0
2021-01-15,Pennsylvania,53,50,1,0.0
2021-01-16,Pennsylvania,40,38,0,0.0
2021-01-17,Pennsylvania,43,40,0,0.0
2021-01-18,Pennsylvania,44,39,1,58.0
2021-01-19,Pennsylvania,61,51,2,54.0
2021-01-20,Pennsylvania,62,60,0,0.0
2021-01-21,Pennsylvania,62,58,0,0.0
2021-01-22,Pennsylvania,64,57,0,0.0
2021-01-23,Pennsylvania,40,36,0,0.0
2021-01-24,Pennsylvania,38,37,0,0.0
2021-01-25,Pennsylvania,59,52,1,61.0
2021-01-26,Pennsylvania,66,60,1,0.0
2021-01-27,Pennsylvania,55,51,0,0.0
2021-01-28,Pennsylvania,62,51,4,0.0
2021-01-29,Pennsylvania,51,43,0,0.0
2021-01-30,Pennsylvania,44,39,1,0.0
2021-01-31,Pennsylvania,38,35,0,0.0
2020-11-01,Rhode Island,6,5,0,0.0
2020-11-02,Rhode Island,8,5,0,0.0
2020-11-03,Rhode Island,3,3,0,0.0
2020-11-04,Rhode Island,8,4,0,0.0
2020-11-05,Rhode Island,2,2,0,0.0
2020-11-06,Rhode Island,6,6,0,0.0
2020-11-08,Rhode Island,2,2,0,0.0
2020-11-09,Rhode Island,6,5,0,0.0
2020-11-10,Rhode Island,4,3,0,0.0
2020-11-11,Rhode Island,10,7,0,0.0
2020-11-12,Rhode Island,4,4,0,0.0
2020-11-13,Rhode Island,2,2,0,0.0
2020-11-14,Rhode Island,4,2,0,0.0
2020-11-16,Rhode Island,3,2,0,0.0
2020-11-17,Rhode Island,3,3,0,0.0
2020-11-18,Rhode Island,3,3,0,0.0
2020-11-19,Rhode Island,5,4,0,0.0
2020-11-20,Rhode Island,5,4,0,0.0
2020-11-21,Rhode Island,2,2,0,0.0
2020-11-22,Rhode Island,3,3,0,0.0
2020-11-23,Rhode Island,5,5,0,0.0
2020-11-24,Rhode Island,3,3,0,0.0
2020-11-25,Rhode Island,2,2,0,0.0
2020-11-26,Rhode Island,5,3,0,0.0
2020-11-27,Rhode Island,3,3,1,88.0
2020-11-28,Rhode Island,6,6,0,0.0
2020-11-29,Rhode Island,5,3,0,0.0
2020-11-30,Rhode Island,7,6,1,24.0
2020-12-01,Rhode Island,10,7,0,0.0
2020-12-02,Rhode Island,6,6,0,0.0
2020-12-03,Rhode Island,2,2,0,0.0
2020-12-04,Rhode Island,9,7,0,0.0
2020-12-05,Rhode Island,5,4,0,0.0
2020-12-06,Rhode Island,5,5,0,0.0
2020-12-07,Rhode Island,4,4,1,172.0
2020-12-08,Rhode Island,7,7,0,0.0
2020-12-09,Rhode Island,8,7,0,0.0
2020-12-10,Rhode Island,14,9,0,0.0
2020-12-11,Rhode Island,9,6,0,0.0
2020-12-12,Rhode Island,6,6,0,0.0
2020-12-13,Rhode Island,5,5,0,0.0
2020-12-14,Rhode Island,3,3,0,0.0
2020-12-15,Rhode Island,8,5,0,0.0
2020-12-16,Rhode Island,4,4,0,0.0
2020-12-17,Rhode Island,7,7,0,0.0
2020-12-18,Rhode Island,4,3,0,0.0
2020-12-19,Rhode Island,7,6,0,0.0
2020-12-20,Rhode Island,6,5,0,0.0
2020-12-21,Rhode Island,4,4,0,0.0
2020-12-23,Rhode Island,4,4,0,0.0
2020-12-24,Rhode Island,6,5,0,0.0
2020-12-25,Rhode Island,2,2,0,0.0
2020-12-26,Rhode Island,1,1,0,0.0
2020-12-27,Rhode Island,1,1,0,0.0
2020-12-28,Rhode Island,2,2,0,0.0
2020-12-29,Rhode Island,3,3,0,0.0
2020-12-30,Rhode Island,2,2,0,0.0
2020-12-31,Rhode Island,6,6,0,0.0
2021-01-01,Rhode Island,2,2,0,0.0
2021-01-02,Rhode Island,3,2,0,0.0
2021-01-03,Rhode Island,5,4,0,0.0
2021-01-04,Rhode Island,2,2,0,0.0
2021-01-05,Rhode Island,11,8,0,0.0
2021-01-06,Rhode Island,4,3,0,0.0
2021-01-07,Rhode Island,5,5,0,0.0
2021-01-08,Rhode Island,1,1,0,0.0
2021-01-09,Rhode Island,1,1,0,0.0
2021-01-10,Rhode Island,5,5,0,0.0
2021-01-11,Rhode Island,2,2,0,0.0
2021-01-12,Rhode Island,2,2,0,0.0
2021-01-13,Rhode Island,6,6,0,0.0
2021-01-14,Rhode Island,4,4,0,0.0
2021-01-15,Rhode Island,3,2,0,0.0
2021-01-16,Rhode Island,3,1,0,0.0
2021-01-17,Rhode Island,5,5,0,0.0
2021-01-18,Rhode Island,1,1,0,0.0
2021-01-19,Rhode Island,2,2,0,0.0
2021-01-20,Rhode Island,5,5,0,0.0
2021-01-21,Rhode Island,4,3,0,0.0
2021-01-22,Rhode Island,3,2,0,0.0
2021-01-23,Rhode Island,3,3,0,0.0
2021-01-24,Rhode Island,1,1,0,0.0
2021-01-25,Rhode Island,2,2,0,0.0
2021-01-26,Rhode Island,1,1,0,0.0
2021-01-27,Rhode Island,2,2,0,0.0
2021-01-28,Rhode Island,3,3,0,0.0
2021-01-30,Rhode Island,4,4,0,0.0
2021-01-31,Rhode Island,6,5,0,0.0
2020-11-01,South Carolina,4,4,0,0.0
2020-11-02,South Carolina,17,16,0,0.0
2020-11-03,South Carolina,24,23,0,0.0
2020-11-04,South Carolina,17,16,0,0.0
2020-11-05,South Carolina,21,15,0,0.0
2020-11-06,South Carolina,14,12,0,0.0
2020-11-07,South Carolina,15,11,0,0.0
2020-11-08,South Carolina,11,10,0,0.0
2020-11-09,South Carolina,17,15,0,0.0
2020-11-10,South Carolina,18,17,0,0.0
2020-11-11,South Carolina,20,18,0,0.0
2020-11-12,South Carolina,16,15,0,0.0
2020-11-13,South Carolina,14,12,0,0.0
2020-11-14,South Carolina,8,7,0,0.0
2020-11-15,South Carolina,12,12,0,0.0
2020-11-16,South Carolina,17,13,0,0.0
2020-11-17,South Carolina,10,10,0,0.0
2020-11-18,South Carolina,24,21,0,0.0
2020-11-19,South Carolina,17,14,0,0.0
2020-11-20,South Carolina,15,13,0,0.0
2020-11-21,South Carolina,8,8,0,0.0
2020-11-22,South Carolina,7,7,0,0.0
2020-11-23,South Carolina,13,11,0,0.0
2020-11-24,South Carolina,13,11,0,0.0
2020-11-25,South Carolina,13,13,1,66.0
2020-11-26,South Carolina,15,13,0,0.0
2020-11-27,South Carolina,17,16,1,111.0
2020-11-28,South Carolina,12,10,0,0.0
2020-11-29,South Carolina,16,14,0,0.0
2020-11-30,South Carolina,21,20,3,166.0
2020-12-01,South Carolina,20,18,2,30.0
2020-12-02,South Carolina,27,25,0,0.0
2020-12-03,South Carolina,13,11,0,0.0
2020-12-04,South Carolina,19,18,0,0.0
2020-12-05,South Carolina,14,14,0,0.0
2020-12-06,South Carolina,15,13,0,0.0
2020-12-07,South Carolina,19,18,0,0.0
2020-12-08,South Carolina,34,30,0,0.0
2020-12-09,South Carolina,16,15,0,0.0
2020-12-10,South Carolina,24,22,1,14.0
2020-12-11,South Carolina,23,18,0,0.0
2020-12-12,South Carolina,19,16,1,79.0
2020-12-13,South Carolina,10,9,0,0.0
2020-12-14,South Carolina,19,17,0,0.0
2020-12-15,South Carolina,22,19,0,0.0
2020-12-16,South Carolina,22,17,0,0.0
2020-12-17,South Carolina,19,17,0,0.0
2020-12-18,South Carolina,24,22,1,50.0
2020-12-19,South Carolina,21,18,1,41.0
2020-12-20,South Carolina,14,13,0,0.0
2020-12-21,South Carolina,18,17,0,0.0
2020-12-22,South Carolina,13,11,0,0.0
2020-12-23,South Carolina,15,15,0,0.0
2020-12-24,South Carolina,7,7,0,0.0
2020-12-25,South Carolina,13,12,0,0.0
2020-12-26,South Carolina,10,9,0,0.0
2020-12-27,South Carolina,14,13,0,0.0
2020-12-28,South Carolina,10,8,0,0.0
2020-12-29,South Carolina,22,19,0,0.0
2020-12-30,South Carolina,9,9,0,0.0
2020-12-31,South Carolina,10,10,0,0.0
2021-01-01,South Carolina,7,6,0,0.0
2021-01-02,South Carolina,14,13,0,0.0
2021-01-03,South Carolina,15,14,0,0.0
2021-01-04,South Carolina,16,15,0,0.0
2021-01-05,South Carolina,25,24,0,0.0
2021-01-06,South Carolina,26,25,0,0.0
2021-01-07,South Carolina,17,15,0,0.0
2021-01-08,South Carolina,14,12,0,0.0
2021-01-09,South Carolina,13,11,0,0.0
2021-01-10,South Carolina,10,8,1,92.0
2021-01-11,South Carolina,10,10,0,0.0
2021-01-12,South Carolina,16,15,0,0.0
2021-01-13,South Carolina,21,18,0,0.0
2021-01-14,South Carolina,16,15,0,0.0
2021-01-15,South Carolina,21,17,0,0.0
2021-01-16,South Carolina,15,14,0,0.0
2021-01-17,South Carolina,14,14,0,0.0
2021-01-18,South Carolina,14,13,0,0.0
2021-01-19,South Carolina,18,17,0,0.0
2021-01-20,South Carolina,21,16,0,0.0
2021-01-21,South Carolina,24,19,0,0.0
2021-01-22,South Carolina,18,14,0,0.0
2021-01-23,South Carolina,10,10,0,0.0
2021-01-24,South Carolina,9,9,0,0.0
2021-01-25,South Carolina,27,23,1,109.0
2021-01-26,South Carolina,9,9,0,0.0
2021-01-27,South Carolina,18,15,0,0.0
2021-01-28,South Carolina,20,20,1,0.0
2021-01-29,South Carolina,13,11,0,0.0
2021-01-30,South Carolina,13,13,0,0.0
2021-01-31,South Carolina,4,4,0,0.0
2020-11-01,South Dakota,5,4,0,0.0
2020-11-03,South Dakota,5,4,0,0.0
2020-11-04,South Dakota,3,3,0,0.0
2020-11-05,South Dakota,2,2,0,0.0
2020-11-06,South Dakota,2,2,0,0.0
2020-11-07,South Dakota,1,1,0,0.0
2020-11-09,South Dakota,3,3,0,0.0
2020-11-10,South Dakota,6,4,0,0.0
2020-11-11,South Dakota,3,2,0,0.0
2020-11-12,South Dakota,3,2,0,0.0
2020-11-13,South Dakota,3,2,0,0.0
2020-11-14,South Dakota,2,2,0,0.0
2020-11-15,South Dakota,2,2,0,0.0
2020-11-16,South Dakota,2,2,0,0.0
2020-11-17,South Dakota,4,4,0,0.0
2020-11-18,South Dakota,1,1,0,0.0
2020-11-19,South Dakota,3,3,0,0.0
2020-11-20,South Dakota,3,3,0,0.0
2020-11-21,South Dakota,2,2,0,0.0
2020-11-23,South Dakota,1,1,0,0.0
2020-11-24,South Dakota,1,1,0,0.0
2020-11-25,South Dakota,1,1,0,0.0
2020-11-26,South Dakota,6,4,0,0.0
2020-11-27,South Dakota,4,3,0,0.0
2020-11-28,South Dakota,3,3,0,0.0
2020-11-30,South Dakota,3,3,0,0.0
2020-12-01,South Dakota,1,1,0,0.0
2020-12-02,South Dakota,3,3,1,0.0
2020-12-03,South Dakota,2,1,0,0.0
2020-12-04,South Dakota,4,4,0,0.0
2020-12-05,South Dakota,2,2,0,0.0
2020-12-06,South Dakota,2,1,0,0.0
2020-12-07,South Dakota,5,5,0,0.0
2020-12-08,South Dakota,5,5,0,0.0
2020-12-09,South Dakota,4,3,0,0.0
2020-12-10,South Dakota,5,5,0,0.0
2020-12-11,South Dakota,1,1,0,0.0
2020-12-12,South Dakota,1,1,0,0.0
2020-12-13,South Dakota,1,1,0,0.0
2020-12-14,South Dakota,4,3,0,0.0
2020-12-15,South Dakota,4,4,0,0.0
2020-12-16,South Dakota,2,2,0,0.0
2020-12-17,South Dakota,2,2,0,0.0
2020-12-18,South Dakota,7,6,0,0.0
2020-12-19,South Dakota,4,4,0,0.0
2020-12-20,South Dakota,4,4,0,0.0
2020-12-21,South Dakota,4,2,0,0.0
2020-12-23,South Dakota,4,4,0,0.0
2020-12-25,South Dakota,2,2,0,0.0
2020-12-26,South Dakota,2,2,0,0.0
2020-12-27,South Dakota,2,1,0,0.0
2020-12-29,South Dakota,3,3,0,0.0
2020-12-30,South Dakota,2,2,0,0.0
2021-01-01,South Dakota,2,2,0,0.0
2021-01-02,South Dakota,3,3,0,0.0
2021-01-03,South Dakota,3,3,0,0.0
2021-01-04,South Dakota,2,2,0,0.0
2021-01-05,South Dakota,5,4,0,0.0
2021-01-06,South Dakota,6,6,0,0.0
2021-01-07,South Dakota,2,2,0,0.0
2021-01-09,South Dakota,1,1,0,0.0
2021-01-10,South Dakota,1,1,0,0.0
2021-01-11,South Dakota,1,1,0,0.0
2021-01-12,South Dakota,4,4,0,0.0
2021-01-13,South Dakota,4,4,0,0.0
2021-01-14,South Dakota,2,2,0,0.0
2021-01-15,South Dakota,2,2,0,0.0
2021-01-16,South Dakota,2,2,0,0.0
2021-01-17,South Dakota,2,2,0,0.0
2021-01-18,South Dakota,3,2,0,0.0
2021-01-19,South Dakota,4,3,0,0.0
2021-01-20,South Dakota,5,5,0,0.0
2021-01-21,South Dakota,4,4,0,0.0
2021-01-22,South Dakota,3,3,0,0.0
2021-01-23,South Dakota,2,2,0,0.0
2021-01-24,South Dakota,2,2,0,0.0
2021-01-25,South Dakota,2,2,0,0.0
2021-01-26,South Dakota,1,1,0,0.0
2021-01-27,South Dakota,3,2,0,0.0
2021-01-28,South Dakota,2,2,0,0.0
2021-01-29,South Dakota,2,2,0,0.0
2021-01-30,South Dakota,1,1,0,0.0
2021-01-31,South Dakota,1,1,0,0.0
2020-11-01,Tennessee,11,11,0,0.0
2020-11-02,Tennessee,22,20,0,0.0
2020-11-03,Tennessee,36,32,0,0.0
2020-11-04,Tennessee,26,23,0,0.0
2020-11-05,Tennessee,19,18,0,0.0
2020-11-06,Tennessee,20,19,2,134.0
2020-11-07,Tennessee,13,11,0,0.0
2020-11-08,Tennessee,13,11,1,82.0
2020-11-09,Tennessee,15,13,0,0.0
2020-11-10,Tennessee,17,17,0,0.0
2020-11-11,Tennessee,29,22,0,0.0
2020-11-12,Tennessee,42,33,0,0.0
2020-11-13,Tennessee,40,29,1,10.0
2020-11-14,Tennessee,9,9,0,0.0
2020-11-15,Tennessee,14,13,0,0.0
2020-11-16,Tennessee,24,21,1,198.0
2020-11-17,Tennessee,18,16,0,0.0
2020-11-18,Tennessee,30,25,0,0.0
2020-11-19,Tennessee,21,21,0,0.0
2020-11-20,Tennessee,28,25,1,0.0
2020-11-21,Tennessee,24,19,0,0.0
2020-11-22,Tennessee,21,17,0,0.0
2020-11-23,Tennessee,25,21,0,0.0
2020-11-24,Tennessee,26,22,2,80.0
2020-11-25,Tennessee,34,31,1,55.0
2020-11-26,Tennessee,26,24,0,0.0
2020-11-27,Tennessee,25,21,1,38.0
2020-11-28,Tennessee,26,22,2,146.0
2020-11-29,Tennessee,18,17,1,0.0
2020-11-30,Tennessee,34,31,0,0.0
2020-12-01,Tennessee,36,30,1,0.0
2020-12-02,Tennessee,25,23,0,0.0
2020-12-03,Tennessee,39,33,1,42.0
2020-12-04,Tennessee,28,22,1,11.0
2020-12-05,Tennessee,21,20,2,127.0
2020-12-06,Tennessee,27,25,0,0.0
2020-12-07,Tennessee,38,33,0,0.0
2020-12-08,Tennessee,50,46,1,362.0
2020-12-09,Tennessee,44,41,3,278.0
2020-12-10,Tennessee,42,37,1,66.0
2020-12-11,Tennessee,30,24,1,14.0
2020-12-12,Tennessee,25,24,4,278.0
2020-12-13,Tennessee,17,17,0,0.0
2020-12-14,Tennessee,30,28,0,0.0
2020-12-15,Tennessee,41,39,0,0.0
2020-12-16,Tennessee,38,33,3,112.0
2020-12-17,Tennessee,40,32,0,0.0
2020-12-18,Tennessee,40,34,0,0.0
2020-12-19,Tennessee,20,19,1,0.0
2020-12-20,Tennessee,19,19,0,0.0
2020-12-21,Tennessee,22,19,0,0.0
2020-12-22,Tennessee,24,21,1,41.0
2020-12-23,Tennessee,24,24,0,0.0
2020-12-24,Tennessee,18,18,0,0.0
2020-12-25,Tennessee,17,16,0,0.0
2020-12-26,Tennessee,18,16,0,0.0
2020-12-27,Tennessee,19,18,0,0.0
2020-12-28,Tennessee,23,23,0,0.0
2020-12-29,Tennessee,23,18,0,0.0
2020-12-30,Tennessee,20,19,0,0.0
2020-12-31,Tennessee,10,10,0,0.0
2021-01-01,Tennessee,15,15,0,0.0
2021-01-02,Tennessee,10,9,0,0.0
2021-01-03,Tennessee,19,19,0,0.0
2021-01-04,Tennessee,23,19,0,0.0
2021-01-05,Tennessee,26,26,0,0.0
2021-01-06,Tennessee,37,31,0,0.0
2021-01-07,Tennessee,36,29,0,0.0
2021-01-08,Tennessee,27,24,1,13.0
2021-01-09,Tennessee,18,16,0,0.0
2021-01-10,Tennessee,26,25,1,214.0
2021-01-11,Tennessee,30,24,0,0.0
2021-01-12,Tennessee,32,27,0,0.0
2021-01-13,Tennessee,24,21,0,0.0
2021-01-14,Tennessee,13,12,0,0.0
2021-01-15,Tennessee,19,16,0,0.0
2021-01-16,Tennessee,22,21,0,0.0
2021-01-17,Tennessee,19,16,0,0.0
2021-01-18,Tennessee,14,14,0,0.0
2021-01-19,Tennessee,26,24,0,0.0
2021-01-20,Tennessee,24,22,1,96.0
2021-01-21,Tennessee,23,21,0,0.0
2021-01-22,Tennessee,18,14,0,0.0
2021-01-23,Tennessee,23,21,1,8.0
2021-01-24,Tennessee,22,22,0,0.0
2021-01-25,Tennessee,25,21,0,0.0
2021-01-26,Tennessee,30,24,0,0.0
2021-01-27,Tennessee,36,30,0,0.0
2021-01-28,Tennessee,42,39,0,0.0
2021-01-29,Tennessee,27,26,1,0.0
2021-01-30,Tennessee,22,19,0,0.0
2021-01-31,Tennessee,17,15,1,0.0
2020-11-01,Texas,98,88,2,146.0
2020-11-02,Texas,103,90,1,24.0
2020-11-03,Texas,158,130,2,162.0
2020-11-04,Texas,131,114,2,123.0
2020-11-05,Texas,100,90,1,4.0
2020-11-06,Texas,109,88,2,137.0
2020-11-07,Texas,62,51,2,106.0
2020-11-08,Texas,82,74,1,22.0
2020-11-09,Texas,93,84,0,0.0
2020-11-10,Texas,130,113,2,71.0
2020-11-11,Texas,128,109,3,137.0
2020-11-12,Texas,129,103,5,421.0
2020-11-13,Texas,120,106,1,63.0
2020-11-14,Texas,78,64,0,0.0
2020-11-15,Texas,78,69,0,0.0
2020-11-16,Texas,120,108,1,122.0
2020-11-17,Texas,140,120,1,30.0
2020-11-18,Texas,145,115,9,351.0
2020-11-19,Texas,145,125,14,760.0
2020-11-20,Texas,157,129,0,0.0
2020-11-21,Texas,94,80,6,1200.0
2020-11-22,Texas,72,61,0,0.0
2020-11-23,Texas,119,102,2,110.0
2020-11-24,Texas,157,144,13,988.0
2020-11-25,Texas,150,126,3,694.0
2020-11-26,Texas,151,129,3,322.0
2020-11-27,Texas,148,132,4,328.0
2020-11-28,Texas,98,88,7,446.0
2020-11-29,Texas,93,88,1,68.0
2020-11-30,Texas,152,135,11,678.0
2020-12-01,Texas,173,144,5,637.0
2020-12-02,Texas,154,127,2,124.0
2020-12-03,Texas,146,128,3,166.0
2020-12-04,Texas,146,130,2,376.0
2020-12-05,Texas,112,97,2,162.0
2020-12-06,Texas,118,108,2,223.0
2020-12-07,Texas,170,154,7,328.0
2020-12-08,Texas,219,192,5,554.0
2020-12-09,Texas,197,178,2,139.0
2020-12-10,Texas,172,149,3,166.0
2020-12-11,Texas,201,176,5,326.0
2020-12-12,Texas,138,124,4,389.0
2020-12-13,Texas,93,90,0,0.0
2020-12-14,Texas,194,171,1,38.0
2020-12-15,Texas,221,187,5,357.0
2020-12-16,Texas,184,162,12,446.0
2020-12-17,Texas,204,169,10,499.0
2020-12-18,Texas,164,141,4,136.0
2020-12-19,Texas,130,115,1,42.0
2020-12-20,Texas,108,98,0,0.0
2020-12-21,Texas,138,128,0,0.0
2020-12-22,Texas,143,129,4,192.0
2020-12-23,Texas,118,109,3,208.0
2020-12-24,Texas,93,90,1,32.0
2020-12-25,Texas,77,73,1,91.0
2020-12-26,Texas,82,73,1,35.0
2020-12-27,Texas,80,75,1,50.0
2020-12-28,Texas,103,95,1,62.0
2020-12-29,Texas,119,106,0,0.0
2020-12-30,Texas,88,82,1,0.0
2020-12-31,Texas,85,78,3,77.0
2021-01-01,Texas,71,67,0,0.0
2021-01-02,Texas,80,78,0,0.0
2021-01-03,Texas,77,72,0,0.0
2021-01-04,Texas,119,106,1,32.0
2021-01-05,Texas,127,123,0,0.0
2021-01-06,Texas,231,204,2,49.0
2021-01-07,Texas,165,146,1,0.0
2021-01-08,Texas,160,140,0,0.0
2021-01-09,Texas,104,97,0,0.0
2021-01-10,Texas,86,79,0,0.0
2021-01-11,Texas,122,107,0,0.0
2021-01-12,Texas,153,138,6,173.0
2021-01-13,Texas,149,132,2,38.0
2021-01-14,Texas,123,113,1,16.0
2021-01-15,Texas,107,98,4,214.0
2021-01-16,Texas,83,80,0,0.0
2021-01-17,Texas,87,81,0,0.0
2021-01-18,Texas,124,109,0,0.0
2021-01-19,Texas,137,119,2,57.0
2021-01-20,Texas,172,147,3,292.0
2021-01-21,Texas,133,124,1,104.0
2021-01-22,Texas,136,119,4,203.0
2021-01-23,Texas,91,85,1,99.0
2021-01-24,Texas,97,91,0,0.0
2021-01-25,Texas,136,117,2,298.0
2021-01-26,Texas,155,133,7,110.0
2021-01-27,Texas,165,141,0,0.0
2021-01-28,Texas,164,143,1,0.0
2021-01-29,Texas,111,98,2,48.0
2021-01-30,Texas,82,72,0,0.0
2021-01-31,Texas,102,94,0,0.0
2020-11-01,Utah,16,15,0,0.0
2020-11-02,Utah,15,15,0,0.0
2020-11-03,Utah,21,20,0,0.0
2020-11-04,Utah,17,14,0,0.0
2020-11-05,Utah,13,12,1,23.0
2020-11-06,Utah,9,6,0,0.0
2020-11-07,Utah,4,4,0,0.0
2020-11-08,Utah,12,11,0,0.0
2020-11-09,Utah,15,13,1,37.0
2020-11-10,Utah,12,12,0,0.0
2020-11-11,Utah,15,14,0,0.0
2020-11-12,Utah,12,11,0,0.0
2020-11-13,Utah,21,16,2,45.0
2020-11-14,Utah,14,14,0,0.0
2020-11-15,Utah,5,4,0,0.0
2020-11-16,Utah,20,16,1,95.0
2020-11-17,Utah,17,16,0,0.0
2020-11-18,Utah,20,15,1,24.0
2020-11-19,Utah,18,17,0,0.0
2020-11-20,Utah,18,15,0,0.0
2020-11-21,Utah,9,8,0,0.0
2020-11-22,Utah,10,10,0,0.0
2020-11-23,Utah,13,12,0,0.0
2020-11-24,Utah,23,19,1,24.0
2020-11-25,Utah,17,15,1,48.0
2020-11-26,Utah,26,23,0,0.0
2020-11-27,Utah,20,19,2,146.0
2020-11-28,Utah,16,15,0,0.0
2020-11-29,Utah,13,12,0,0.0
2020-11-30,Utah,7,6,0,0.0
2020-12-01,Utah,18,14,0,0.0
2020-12-02,Utah,20,17,0,0.0
2020-12-03,Utah,27,22,2,74.0
2020-12-04,Utah,14,13,1,38.0
2020-12-05,Utah,12,10,1,55.0
2020-12-06,Utah,17,15,0,0.0
2020-12-07,Utah,26,21,0,0.0
2020-12-08,Utah,31,28,0,0.0
2020-12-09,Utah,25,21,1,44.0
2020-12-10,Utah,24,18,2,36.0
2020-12-11,Utah,18,15,0,0.0
2020-12-12,Utah,13,13,0,0.0
2020-12-13,Utah,23,18,6,286.0
2020-12-14,Utah,33,28,0,0.0
2020-12-15,Utah,30,23,0,0.0
2020-12-16,Utah,15,11,2,73.0
2020-12-17,Utah,24,21,0,0.0
2020-12-18,Utah,21,19,1,99.0
2020-12-19,Utah,13,9,0,0.0
2020-12-20,Utah,15,14,0,0.0
2020-12-21,Utah,19,18,0,0.0
2020-12-22,Utah,12,10,1,57.0
2020-12-23,Utah,16,15,0,0.0
2020-12-24,Utah,13,13,0,0.0
2020-12-25,Utah,11,9,0,0.0
2020-12-26,Utah,10,10,0,0.0
2020-12-27,Utah,12,10,0,0.0
2020-12-28,Utah,8,8,0,0.0
2020-12-29,Utah,13,12,0,0.0
2020-12-30,Utah,18,16,0,0.0
2020-12-31,Utah,10,9,0,0.0
2021-01-01,Utah,5,5,0,0.0
2021-01-02,Utah,8,8,0,0.0
2021-01-03,Utah,15,14,1,72.0
2021-01-04,Utah,12,11,0,0.0
2021-01-05,Utah,15,15,0,0.0
2021-01-06,Utah,16,16,0,0.0
2021-01-07,Utah,9,9,0,0.0
2021-01-08,Utah,23,21,0,0.0
2021-01-09,Utah,21,16,0,0.0
2021-01-10,Utah,15,14,0,0.0
2021-01-11,Utah,16,15,0,0.0
2021-01-12,Utah,18,17,0,0.0
2021-01-13,Utah,19,17,0,0.0
2021-01-14,Utah,18,15,0,0.0
2021-01-15,Utah,12,11,0,0.0
2021-01-16,Utah,11,10,0,0.0
2021-01-17,Utah,18,18,0,0.0
2021-01-18,Utah,16,15,0,0.0
2021-01-19,Utah,9,6,0,0.0
2021-01-20,Utah,19,14,0,0.0
2021-01-21,Utah,18,17,0,0.0
2021-01-22,Utah,26,23,0,0.0
2021-01-23,Utah,11,7,0,0.0
2021-01-24,Utah,6,6,0,0.0
2021-01-25,Utah,14,13,0,0.0
2021-01-26,Utah,24,15,0,0.0
2021-01-27,Utah,12,11,0,0.0
2021-01-28,Utah,19,17,1,0.0
2021-01-29,Utah,14,11,1,0.0
2021-01-30,Utah,13,13,0,0.0
2021-01-31,Utah,13,10,0,0.0
2020-11-01,Vermont,1,1,0,0.0
2020-11-02,Vermont,5,2,0,0.0
2020-11-03,Vermont,3,3,0,0.0
2020-11-04,Vermont,4,4,0,0.0
2020-11-06,Vermont,3,3,0,0.0
2020-11-07,Vermont,2,2,0,0.0
2020-11-08,Vermont,1,1,0,0.0
2020-11-09,Vermont,4,3,0,0.0
2020-11-12,Vermont,1,1,0,0.0
2020-11-13,Vermont,2,2,0,0.0
2020-11-14,Vermont,4,4,0,0.0
2020-11-16,Vermont,3,2,0,0.0
2020-11-17,Vermont,2,2,0,0.0
2020-11-18,Vermont,3,2,0,0.0
2020-11-19,Vermont,4,4,0,0.0
2020-11-20,Vermont,5,3,0,0.0
2020-11-21,Vermont,2,2,0,0.0
2020-11-22,Vermont,2,2,0,0.0
2020-11-23,Vermont,1,1,0,0.0
2020-11-24,Vermont,2,2,0,0.0
2020-11-25,Vermont,3,3,0,0.0
2020-11-26,Vermont,1,1,0,0.0
2020-11-27,Vermont,2,2,0,0.0
2020-11-28,Vermont,3,3,0,0.0
2020-11-30,Vermont,4,4,0,0.0
2020-12-01,Vermont,3,3,0,0.0
2020-12-02,Vermont,3,2,0,0.0
2020-12-03,Vermont,4,4,0,0.0
2020-12-04,Vermont,1,1,0,0.0
2020-12-05,Vermont,1,1,0,0.0
2020-12-06,Vermont,4,4,0,0.0
2020-12-07,Vermont,3,3,0,0.0
2020-12-08,Vermont,5,2,0,0.0
2020-12-10,Vermont,5,4,0,0.0
2020-12-11,Vermont,4,4,0,0.0
2020-12-12,Vermont,4,3,0,0.0
2020-12-14,Vermont,4,4,0,0.0
2020-12-15,Vermont,3,3,0,0.0
2020-12-16,Vermont,10,5,0,0.0
2020-12-17,Vermont,4,4,0,0.0
2020-12-18,Vermont,8,7,0,0.0
2020-12-19,Vermont,1,1,0,0.0
2020-12-22,Vermont,1,1,0,0.0
2020-12-23,Vermont,2,2,0,0.0
2020-12-24,Vermont,2,2,0,0.0
2020-12-25,Vermont,1,1,0,0.0
2020-12-26,Vermont,2,2,0,0.0
2020-12-27,Vermont,4,4,0,0.0
2020-12-28,Vermont,1,1,0,0.0
2020-12-29,Vermont,3,2,0,0.0
2020-12-30,Vermont,4,3,0,0.0
2020-12-31,Vermont,1,1,0,0.0
2021-01-01,Vermont,2,2,0,0.0
2021-01-03,Vermont,3,3,0,0.0
2021-01-04,Vermont,1,1,0,0.0
2021-01-05,Vermont,1,1,0,0.0
2021-01-06,Vermont,5,5,0,0.0
2021-01-07,Vermont,2,2,0,0.0
2021-01-08,Vermont,4,4,0,0.0
2021-01-09,Vermont,3,3,0,0.0
2021-01-11,Vermont,1,1,0,0.0
2021-01-12,Vermont,2,2,0,0.0
2021-01-13,Vermont,6,5,0,0.0
2021-01-14,Vermont,1,1,0,0.0
2021-01-16,Vermont,1,1,0,0.0
2021-01-17,Vermont,2,2,0,0.0
2021-01-19,Vermont,2,1,0,0.0
2021-01-20,Vermont,2,2,0,0.0
2021-01-21,Vermont,1,1,0,0.0
2021-01-22,Vermont,4,1,0,0.0
2021-01-23,Vermont,6,4,0,0.0
2021-01-24,Vermont,2,2,0,0.0
2021-01-25,Vermont,5,3,0,0.0
2021-01-26,Vermont,3,3,0,0.0
2021-01-27,Vermont,2,2,0,0.0
2021-01-28,Vermont,1,1,0,0.0
2021-01-29,Vermont,2,2,0,0.0
2021-01-30,Vermont,1,1,0,0.0
2021-01-31,Vermont,1,1,0,0.0
2020-11-01,Virginia,63,59,1,48.0
2020-11-02,Virginia,103,97,0,0.0
2020-11-03,Virginia,159,133,0,0.0
2020-11-04,Virginia,139,113,0,0.0
2020-11-05,Virginia,107,88,0,0.0
2020-11-06,Virginia,77,68,1,41.0
2020-11-07,Virginia,50,45,2,32.0
2020-11-08,Virginia,57,48,1,48.0
2020-11-09,Virginia,72,65,0,0.0
2020-11-10,Virginia,106,90,2,97.0
2020-11-11,Virginia,94,83,2,215.0
2020-11-12,Virginia,117,97,0,0.0
2020-11-13,Virginia,95,82,1,79.0
2020-11-14,Virginia,76,69,2,138.0
2020-11-15,Virginia,52,46,0,0.0
2020-11-16,Virginia,108,97,1,231.0
2020-11-17,Virginia,112,99,2,47.0
2020-11-18,Virginia,112,94,3,169.0
2020-11-19,Virginia,91,82,0,0.0
2020-11-20,Virginia,134,113,6,224.0
2020-11-21,Virginia,99,86,2,92.0
2020-11-22,Virginia,101,85,4,64.0
2020-11-23,Virginia,109,87,4,360.0
2020-11-24,Virginia,127,109,4,122.0
2020-11-25,Virginia,145,117,2,219.0
2020-11-26,Virginia,86,77,0,0.0
2020-11-27,Virginia,120,110,0,0.0
2020-11-28,Virginia,86,75,2,126.0
2020-11-29,Virginia,112,101,1,0.0
2020-11-30,Virginia,130,113,5,427.0
2020-12-01,Virginia,152,125,2,28.0
2020-12-02,Virginia,135,112,0,0.0
2020-12-03,Virginia,170,144,3,87.0
2020-12-04,Virginia,136,121,3,433.0
2020-12-05,Virginia,99,88,3,494.0
2020-12-06,Virginia,96,88,1,52.0
2020-12-07,Virginia,153,129,1,0.0
2020-12-08,Virginia,212,185,2,49.0
2020-12-09,Virginia,203,172,5,447.0
2020-12-10,Virginia,170,143,5,826.0
2020-12-11,Virginia,185,162,2,98.0
2020-12-12,Virginia,132,111,2,115.0
2020-12-13,Virginia,113,103,7,235.0
2020-12-14,Virginia,159,146,2,34.0
2020-12-15,Virginia,191,155,5,628.0
2020-12-16,Virginia,143,123,11,579.0
2020-12-17,Virginia,149,135,0,0.0
2020-12-18,Virginia,139,120,13,752.0
2020-12-19,Virginia,99,88,3,277.0
2020-12-20,Virginia,94,87,3,176.0
2020-12-21,Virginia,93,87,0,0.0
2020-12-22,Virginia,110,101,0,0.0
2020-12-23,Virginia,103,93,5,209.0
2020-12-24,Virginia,73,71,1,19.0
2020-12-25,Virginia,97,91,0,0.0
2020-12-26,Virginia,67,67,0,0.0
2020-12-27,Virginia,84,78,0,0.0
2020-12-28,Virginia,101,88,1,99.0
2020-12-29,Virginia,90,85,1,56.0
2020-12-30,Virginia,95,90,0,0.0
2020-12-31,Virginia,75,70,1,55.0
2021-01-01,Virginia,69,64,2,198.0
2021-01-02,Virginia,76,71,0,0.0
2021-01-03,Virginia,82,75,0,0.0
2021-01-04,Virginia,96,90,0,0.0
2021-01-05,Virginia,118,109,0,0.0
2021-01-06,Virginia,170,157,0,0.0
2021-01-07,Virginia,131,124,0,0.0
2021-01-08,Virginia,126,110,3,38.0
2021-01-09,Virginia,104,99,1,51.0
2021-01-10,Virginia,92,87,0,0.0
2021-01-11,Virginia,121,113,2,140.0
2021-01-12,Virginia,146,124,2,55.0
2021-01-13,Virginia,141,125,1,42.0
2021-01-14,Virginia,128,115,1,42.0
2021-01-15,Virginia,121,112,0,0.0
2021-01-16,Virginia,99,89,0,0.0
2021-01-17,Virginia,90,84,3,67.0
2021-01-18,Virginia,104,91,0,0.0
2021-01-19,Virginia,142,125,3,88.0
2021-01-20,Virginia,156,132,5,320.0
2021-01-21,Virginia,113,106,1,154.0
2021-01-22,Virginia,120,99,0,0.0
2021-01-23,Virginia,86,82,2,102.0
2021-01-24,Virginia,91,85,0,0.0
2021-01-25,Virginia,126,110,2,35.0
2021-01-26,Virginia,128,108,3,0.0
2021-01-27,Virginia,131,120,0,0.0
2021-01-28,Virginia,122,104,1,0.0
2021-01-29,Virginia,119,112,3,0.0
2021-01-30,Virginia,73,69,0,0.0
2021-01-31,Virginia,71,67,1,0.0
2020-11-01,Washington,35,29,0,0.0
2020-11-02,Washington,47,39,0,0.0
2020-11-03,Washington,71,60,3,73.0
2020-11-04,Washington,46,41,0,0.0
2020-11-05,Washington,48,39,0,0.0
2020-11-06,Washington,51,46,1,138.0
2020-11-07,Washington,36,29,0,0.0
2020-11-08,Washington,34,32,0,0.0
2020-11-09,Washington,42,37,1,46.0
2020-11-10,Washington,54,50,1,34.0
2020-11-11,Washington,60,51,1,44.0
2020-11-12,Washington,48,42,0,0.0
2020-11-13,Washington,51,41,6,414.0
2020-11-14,Washington,41,35,0,0.0
2020-11-15,Washington,24,21,1,30.0
2020-11-16,Washington,45,44,0,0.0
2020-11-17,Washington,49,43,1,18.0
2020-11-18,Washington,63,49,0,0.0
2020-11-19,Washington,55,48,0,0.0
2020-11-20,Washington,47,40,0,0.0
2020-11-21,Washington,35,32,0,0.0
2020-11-22,Washington,38,29,2,44.0
2020-11-23,Washington,41,35,2,490.0
2020-11-24,Washington,67,59,1,188.0
2020-11-25,Washington,56,49,1,207.0
2020-11-26,Washington,49,41,1,34.0
2020-11-27,Washington,42,39,0,0.0
2020-11-28,Washington,48,40,2,48.0
2020-11-29,Washington,36,34,0,0.0
2020-11-30,Washington,48,42,0,0.0
2020-12-01,Washington,52,50,0,0.0
2020-12-02,Washington,72,61,2,16.0
2020-12-03,Washington,67,58,1,94.0
2020-12-04,Washington,73,62,7,451.0
2020-12-05,Washington,48,42,2,44.0
2020-12-06,Washington,40,37,4,97.0
2020-12-07,Washington,64,57,0,0.0
2020-12-08,Washington,102,83,3,212.0
2020-12-09,Washington,88,81,2,40.0
2020-12-10,Washington,75,66,2,55.0
2020-12-11,Washington,82,75,1,292.0
2020-12-12,Washington,56,52,1,176.0
2020-12-13,Washington,40,35,1,99.0
2020-12-14,Washington,73,64,0,0.0
2020-12-15,Washington,86,74,2,86.0
2020-12-16,Washington,63,52,2,33.0
2020-12-17,Washington,55,48,8,212.0
2020-12-18,Washington,61,51,0,0.0
2020-12-19,Washington,35,32,1,63.0
2020-12-20,Washington,48,42,0,0.0
2020-12-21,Washington,45,37,1,12.0
2020-12-22,Washington,42,37,1,0.0
2020-12-23,Washington,47,44,0,0.0
2020-12-24,Washington,35,32,1,76.0
2020-12-25,Washington,31,29,0,0.0
2020-12-26,Washington,30,27,0,0.0
2020-12-27,Washington,39,36,0,0.0
2020-12-28,Washington,39,35,1,294.0
2020-12-29,Washington,48,43,0,0.0
2020-12-30,Washington,34,29,0,0.0
2020-12-31,Washington,44,41,0,0.0
2021-01-01,Washington,19,17,0,0.0
2021-01-02,Washington,27,25,0,0.0
2021-01-03,Washington,33,32,0,0.0
2021-01-04,Washington,40,37,0,0.0
2021-01-05,Washington,64,58,0,0.0
2021-01-06,Washington,90,83,0,0.0
2021-01-07,Washington,58,54,3,68.0
2021-01-08,Washington,63,53,0,0.0
2021-01-09,Washington,59,49,0,0.0
2021-01-10,Washington,35,32,0,0.0
2021-01-11,Washington,52,45,1,79.0
2021-01-12,Washington,48,46,0,0.0
2021-01-13,Washington,46,43,0,0.0
2021-01-14,Washington,63,57,0,0.0
2021-01-15,Washington,46,42,0,0.0
2021-01-16,Washington,35,33,0,0.0
2021-01-17,Washington,36,29,0,0.0
2021-01-18,Washington,36,31,2,82.0
2021-01-19,Washington,70,65,1,32.0
2021-01-20,Washington,71,60,2,104.0
2021-01-21,Washington,68,59,0,0.0
2021-01-22,Washington,65,55,2,67.0
2021-01-23,Washington,37,29,0,0.0
2021-01-24,Washington,34,31,0,0.0
2021-01-25,Washington,52,46,4,102.0
2021-01-26,Washington,55,49,2,38.0
2021-01-27,Washington,67,59,0,0.0
2021-01-28,Washington,53,48,1,0.0
2021-01-29,Washington,60,49,1,0.0
2021-01-30,Washington,38,35,0,0.0
2021-01-31,Washington,49,39,0,0.0
2020-11-01,West Virginia,4,4,0,0.0
2020-11-02,West Virginia,11,9,0,0.0
2020-11-03,West Virginia,7,7,0,0.0
2020-11-04,West Virginia,4,3,0,0.0
2020-11-05,West Virginia,6,6,0,0.0
2020-11-06,West Virginia,5,5,0,0.0
2020-11-07,West Virginia,1,1,0,0.0
2020-11-08,West Virginia,2,2,0,0.0
2020-11-09,West Virginia,1,1,0,0.0
2020-11-10,West Virginia,2,2,0,0.0
2020-11-11,West Virginia,6,6,0,0.0
2020-11-12,West Virginia,5,4,0,0.0
2020-11-13,West Virginia,10,5,0,0.0
2020-11-14,West Virginia,3,2,0,0.0
2020-11-15,West Virginia,3,3,0,0.0
2020-11-16,West Virginia,1,1,0,0.0
2020-11-17,West Virginia,6,6,0,0.0
2020-11-18,West Virginia,10,9,0,0.0
2020-11-19,West Virginia,5,5,0,0.0
2020-11-20,West Virginia,1,1,0,0.0
2020-11-21,West Virginia,6,6,0,0.0
2020-11-22,West Virginia,1,1,0,0.0
2020-11-23,West Virginia,11,8,0,0.0
2020-11-24,West Virginia,6,6,0,0.0
2020-11-25,West Virginia,10,8,0,0.0
2020-11-26,West Virginia,5,4,0,0.0
2020-11-27,West Virginia,9,8,0,0.0
2020-11-28,West Virginia,5,4,0,0.0
2020-11-29,West Virginia,5,4,0,0.0
2020-11-30,West Virginia,6,5,0,0.0
2020-12-01,West Virginia,7,7,0,0.0
2020-12-02,West Virginia,9,5,0,0.0
2020-12-03,West Virginia,10,8,0,0.0
2020-12-04,West Virginia,11,10,0,0.0
2020-12-05,West Virginia,9,7,0,0.0
2020-12-06,West Virginia,1,1,0,0.0
2020-12-07,West Virginia,8,6,0,0.0
2020-12-08,West Virginia,12,11,0,0.0
2020-12-09,West Virginia,5,5,0,0.0
2020-12-10,West Virginia,8,6,0,0.0
2020-12-11,West Virginia,5,5,0,0.0
2020-12-12,West Virginia,2,2,0,0.0
2020-12-13,West Virginia,5,5,0,0.0
2020-12-14,West Virginia,10,8,2,127.0
2020-12-15,West Virginia,5,5,0,0.0
2020-12-16,West Virginia,2,2,0,0.0
2020-12-17,West Virginia,4,4,0,0.0
2020-12-18,West Virginia,8,8,0,0.0
2020-12-19,West Virginia,4,4,0,0.0
2020-12-20,West Virginia,3,2,0,0.0
2020-12-21,West Virginia,10,9,0,0.0
2020-12-22,West Virginia,7,5,0,0.0
2020-12-23,West Virginia,6,6,0,0.0
2020-12-24,West Virginia,7,4,0,0.0
2020-12-25,West Virginia,9,7,0,0.0
2020-12-26,West Virginia,1,1,0,0.0
2020-12-27,West Virginia,2,2,0,0.0
2020-12-28,West Virginia,7,7,1,24.0
2020-12-29,West Virginia,3,3,0,0.0
2020-12-30,West Virginia,6,5,0,0.0
2020-12-31,West Virginia,1,1,0,0.0
2021-01-01,West Virginia,1,1,0,0.0
2021-01-02,West Virginia,4,3,0,0.0
2021-01-03,West Virginia,1,1,0,0.0
2021-01-04,West Virginia,4,4,0,0.0
2021-01-05,West Virginia,4,4,0,0.0
2021-01-06,West Virginia,8,7,0,0.0
2021-01-07,West Virginia,3,2,0,0.0
2021-01-08,West Virginia,7,7,0,0.0
2021-01-09,West Virginia,5,4,0,0.0
2021-01-10,West Virginia,6,5,0,0.0
2021-01-11,West Virginia,5,5,0,0.0
2021-01-12,West Virginia,6,6,0,0.0
2021-01-13,West Virginia,9,9,0,0.0
2021-01-14,West Virginia,4,4,0,0.0
2021-01-15,West Virginia,3,3,0,0.0
2021-01-16,West Virginia,3,3,0,0.0
2021-01-17,West Virginia,4,3,0,0.0
2021-01-18,West Virginia,2,2,0,0.0
2021-01-19,West Virginia,4,4,0,0.0
2021-01-20,West Virginia,2,2,0,0.0
2021-01-21,West Virginia,9,9,0,0.0
2021-01-22,West Virginia,4,4,0,0.0
2021-01-23,West Virginia,1,1,0,0.0
2021-01-25,West Virginia,2,2,0,0.0
2021-01-26,West Virginia,5,4,0,0.0
2021-01-27,West Virginia,6,6,0,0.0
2021-01-28,West Virginia,1,1,0,0.0
2021-01-29,West Virginia,3,2,1,0.0
2021-01-30,West Virginia,8,3,0,0.0
2021-01-31,West Virginia,3,3,0,0.0
2020-11-01,Wisconsin,14,13,0,0.0
2020-11-02,Wisconsin,16,14,0,0.0
2020-11-03,Wisconsin,30,29,1,37.0
2020-11-04,Wisconsin,24,19,0,0.0
2020-11-05,Wisconsin,19,16,1,120.0
2020-11-06,Wisconsin,27,22,0,0.0
2020-11-07,Wisconsin,12,10,0,0.0
2020-11-08,Wisconsin,13,12,0,0.0
2020-11-09,Wisconsin,16,14,0,0.0
2020-11-10,Wisconsin,24,22,0,0.0
2020-11-11,Wisconsin,26,21,0,0.0
2020-11-12,Wisconsin,22,19,0,0.0
2020-11-13,Wisconsin,17,16,0,0.0
2020-11-14,Wisconsin,19,16,0,0.0
2020-11-15,Wisconsin,18,17,1,44.0
2020-11-16,Wisconsin,15,14,0,0.0
2020-11-17,Wisconsin,31,25,0,0.0
2020-11-18,Wisconsin,21,17,0,0.0
2020-11-19,Wisconsin,20,17,0,0.0
2020-11-20,Wisconsin,20,16,0,0.0
2020-11-21,Wisconsin,17,16,0,0.0
2020-11-22,Wisconsin,24,18,2,106.0
2020-11-23,Wisconsin,24,17,0,0.0
2020-11-24,Wisconsin,21,21,0,0.0
2020-11-25,Wisconsin,33,30,0,0.0
2020-11-26,Wisconsin,23,22,1,98.0
2020-11-27,Wisconsin,19,18,0,0.0
2020-11-28,Wisconsin,17,17,1,270.0
2020-11-29,Wisconsin,20,17,1,59.0
2020-11-30,Wisconsin,27,22,0,0.0
2020-12-01,Wisconsin,34,30,2,479.0
2020-12-02,Wisconsin,23,22,0,0.0
2020-12-03,Wisconsin,33,27,0,0.0
2020-12-04,Wisconsin,26,21,0,0.0
2020-12-05,Wisconsin,17,16,0,0.0
2020-12-06,Wisconsin,20,17,0,0.0
2020-12-07,Wisconsin,24,22,0,0.0
2020-12-08,Wisconsin,35,30,0,0.0
2020-12-09,Wisconsin,30,30,1,81.0
2020-12-10,Wisconsin,21,21,0,0.0
2020-12-11,Wisconsin,34,32,1,40.0
2020-12-12,Wisconsin,32,30,0,0.0
2020-12-13,Wisconsin,15,13,0,0.0
2020-12-14,Wisconsin,23,21,1,105.0
2020-12-15,Wisconsin,34,32,0,0.0
2020-12-16,Wisconsin,39,33,1,91.0
2020-12-17,Wisconsin,49,42,0,0.0
2020-12-18,Wisconsin,28,21,1,75.0
2020-12-19,Wisconsin,15,14,1,44.0
2020-12-20,Wisconsin,21,20,0,0.0
2020-12-21,Wisconsin,26,25,0,0.0
2020-12-22,Wisconsin,24,21,1,10.0
2020-12-23,Wisconsin,19,16,2,163.0
2020-12-24,Wisconsin,15,14,0,0.0
2020-12-25,Wisconsin,17,17,0,0.0
2020-12-26,Wisconsin,20,18,0,0.0
2020-12-27,Wisconsin,16,16,0,0.0
2020-12-28,Wisconsin,19,14,0,0.0
2020-12-29,Wisconsin,26,22,0,0.0
2020-12-30,Wisconsin,14,13,0,0.0
2020-12-31,Wisconsin,22,20,1,20.0
2021-01-01,Wisconsin,20,17,0,0.0
2021-01-02,Wisconsin,20,19,0,0.0
2021-01-03,Wisconsin,20,18,1,2.0
2021-01-04,Wisconsin,20,18,0,0.0
2021-01-05,Wisconsin,27,23,0,0.0
2021-01-06,Wisconsin,32,32,0,0.0
2021-01-07,Wisconsin,26,24,0,0.0
2021-01-08,Wisconsin,36,34,0,0.0
2021-01-09,Wisconsin,25,24,0,0.0
2021-01-10,Wisconsin,15,14,0,0.0
2021-01-11,Wisconsin,20,20,0,0.0
2021-01-12,Wisconsin,26,23,0,0.0
2021-01-13,Wisconsin,26,21,0,0.0
2021-01-14,Wisconsin,22,20,0,0.0
2021-01-15,Wisconsin,27,25,0,0.0
2021-01-16,Wisconsin,21,20,0,0.0
2021-01-17,Wisconsin,19,18,0,0.0
2021-01-18,Wisconsin,18,14,0,0.0
2021-01-19,Wisconsin,27,24,0,0.0
2021-01-20,Wisconsin,33,30,1,130.0
2021-01-21,Wisconsin,32,29,0,0.0
2021-01-22,Wisconsin,22,19,1,99.0
2021-01-23,Wisconsin,24,21,0,0.0
2021-01-24,Wisconsin,21,18,0,0.0
2021-01-25,Wisconsin,17,15,1,85.0
2021-01-26,Wisconsin,24,22,0,0.0
2021-01-27,Wisconsin,27,25,0,0.0
2021-01-28,Wisconsin,24,21,1,0.0
2021-01-29,Wisconsin,13,11,0,0.0
2021-01-30,Wisconsin,14,13,0,0.0
2021-01-31,Wisconsin,10,10,0,0.0
2020-11-02,Wyoming,3,3,0,0.0
2020-11-03,Wyoming,1,1,0,0.0
2020-11-04,Wyoming,1,1,0,0.0
2020-11-05,Wyoming,1,1,0,0.0
2020-11-06,Wyoming,1,1,0,0.0
2020-11-07,Wyoming,1,1,0,0.0
2020-11-08,Wyoming,1,1,0,0.0
2020-11-09,Wyoming,1,1,0,0.0
2020-11-10,Wyoming,1,1,0,0.0
2020-11-11,Wyoming,1,1,0,0.0
2020-11-13,Wyoming,1,1,0,0.0
2020-11-14,Wyoming,1,1,0,0.0
2020-11-16,Wyoming,1,1,0,0.0
2020-11-18,Wyoming,1,1,0,0.0
2020-11-21,Wyoming,1,1,0,0.0
2020-11-22,Wyoming,3,2,0,0.0
2020-11-23,Wyoming,4,4,2,84.0
2020-11-24,Wyoming,3,3,0,0.0
2020-11-25,Wyoming,2,2,0,0.0
2020-11-26,Wyoming,2,1,0,0.0
2020-11-27,Wyoming,4,4,0,0.0
2020-11-28,Wyoming,2,2,0,0.0
2020-11-29,Wyoming,2,2,0,0.0
2020-11-30,Wyoming,3,3,0,0.0
2020-12-02,Wyoming,1,1,0,0.0
2020-12-03,Wyoming,2,2,0,0.0
2020-12-04,Wyoming,5,4,0,0.0
2020-12-06,Wyoming,3,3,0,0.0
2020-12-07,Wyoming,1,1,0,0.0
2020-12-08,Wyoming,5,4,0,0.0
2020-12-09,Wyoming,3,3,0,0.0
2020-12-10,Wyoming,6,3,0,0.0
2020-12-11,Wyoming,2,2,0,0.0
2020-12-12,Wyoming,3,3,0,0.0
2020-12-13,Wyoming,3,2,0,0.0
2020-12-14,Wyoming,2,2,0,0.0
2020-12-15,Wyoming,4,4,0,0.0
2020-12-16,Wyoming,4,3,0,0.0
2020-12-17,Wyoming,1,1,0,0.0
2020-12-18,Wyoming,7,6,0,0.0
2020-12-19,Wyoming,3,3,0,0.0
2020-12-20,Wyoming,6,5,0,0.0
2020-12-21,Wyoming,2,2,0,0.0
2020-12-23,Wyoming,2,2,0,0.0
2020-12-24,Wyoming,2,2,0,0.0
2020-12-26,Wyoming,2,2,0,0.0
2020-12-28,Wyoming,2,2,0,0.0
2020-12-29,Wyoming,7,7,0,0.0
2020-12-30,Wyoming,2,2,0,0.0
2020-12-31,Wyoming,1,1,0,0.0
2021-01-01,Wyoming,2,2,0,0.0
2021-01-02,Wyoming,2,2,0,0.0
2021-01-03,Wyoming,1,1,0,0.0
2021-01-04,Wyoming,3,2,0,0.0
2021-01-05,Wyoming,2,2,0,0.0
2021-01-06,Wyoming,2,2,0,0.0
2021-01-07,Wyoming,3,3,0,0.0
2021-01-09,Wyoming,2,2,0,0.0
2021-01-10,Wyoming,1,1,0,0.0
2021-01-12,Wyoming,1,1,0,0.0
2021-01-14,Wyoming,6,3,0,0.0
2021-01-15,Wyoming,4,4,0,0.0
2021-01-16,Wyoming,1,1,0,0.0
2021-01-17,Wyoming,5,4,0,0.0
2021-01-18,Wyoming,3,3,0,0.0
2021-01-19,Wyoming,2,1,0,0.0
2021-01-20,Wyoming,1,1,0,0.0
2021-01-21,Wyoming,3,3,0,0.0
2021-01-22,Wyoming,2,2,0,0.0
2021-01-24,Wyoming,3,3,0,0.0
2021-01-25,Wyoming,3,3,0,0.0
2021-01-26,Wyoming,2,1,0,0.0
2021-01-27,Wyoming,2,2,0,0.0
2021-01-28,Wyoming,1,1,0,0.0
2021-01-29,Wyoming,1,1,0,0.0
2021-01-30,Wyoming,2,2,0,0.0
2021-01-31,Wyoming,2,2,0,0.0
